<?xml version="1.0" encoding="UTF-8"?>
<databaseChangeLog xmlns="http://www.liquibase.org/xml/ns/dbchangelog/1.9" xmlns:xsi="http://www.w3.org/2001/XMLSchema-instance" xsi:schemaLocation="http://www.liquibase.org/xml/ns/dbchangelog/1.9 http://www.liquibase.org/xml/ns/dbchangelog/dbchangelog-1.9.xsd">
	<changeSet author="pahill" id="1" context="CDIRetroCI" runOnChange="true" >
		<comment>routine HIV request hospital definitions</comment>
		<insert schemaName="clinlims" tableName="organization_type">
			<column name="id" valueNumeric=" nextval( 'organization_type_seq' ) " />
			<column name="short_name" value="RTN HIV Hospitals" />
			<column name="description" value="Côte d'Ivoire Routine HIV Tests Hospitals" />
			<column name="name_display_key"  value="org_type.RTNHsptl.name" />
			<column name="lastupdated" valueDate=" now() " />
		</insert>
		
		<insert schemaName="clinlims" tableName="organization">
			<column name="id"         valueNumeric=" nextval( 'organization_seq' ) " />
			<column name="short_name" value="1" />
			<column name="name"       value="CHU Treichville" />
			<column name="lastupdated" valueDate=" now() " />
			<column name="mls_sentinel_lab_flag" value="N" />
			<column name="is_active" value="Y" />
		</insert>
		
		<insert schemaName="clinlims" tableName="organization_organization_type">
			<column name="org_id"        valueNumeric=" currval( 'organization_seq' ) " />
			<column name="org_type_id"   valueNumeric=" currval( 'organization_type_seq' ) " />
		</insert>
		
		<insert schemaName="clinlims" tableName="organization">
			<column name="id"         valueNumeric=" nextval( 'organization_seq' ) " />
			<column name="short_name" value="2" />
			<column name="name"       value="CHU Cocody" />
			<column name="lastupdated" valueDate=" now() " />
			<column name="mls_sentinel_lab_flag" value="N" />
			<column name="is_active" value="Y" />
		</insert>
		
		<insert schemaName="clinlims" tableName="organization_organization_type">
			<column name="org_id"        valueNumeric=" currval( 'organization_seq' ) " />
			<column name="org_type_id"   valueNumeric=" currval( 'organization_type_seq' ) " />
		</insert>
		
		<insert schemaName="clinlims" tableName="organization">
			<column name="id"         valueNumeric=" nextval( 'organization_seq' ) " />
			<column name="short_name" value="3" />
			<column name="name"       value="CHU Yopougon" />
			<column name="lastupdated" valueDate=" now() " />
			<column name="mls_sentinel_lab_flag" value="N" />
			<column name="is_active" value="Y" />
		</insert>
		
		<insert schemaName="clinlims" tableName="organization_organization_type">
			<column name="org_id"        valueNumeric=" currval( 'organization_seq' ) " />
			<column name="org_type_id"   valueNumeric=" currval( 'organization_type_seq' ) " />
		</insert>
		
		<insert schemaName="clinlims" tableName="organization">
			<column name="id"         valueNumeric=" nextval( 'organization_seq' ) " />
			<column name="short_name" value="4" />
			<column name="name"       value="Autres Abidjan" />
			<column name="lastupdated" valueDate=" now() " />
			<column name="mls_sentinel_lab_flag" value="N" />
			<column name="is_active" value="Y" />
		</insert>
		
		<insert schemaName="clinlims" tableName="organization_organization_type">
			<column name="org_id"        valueNumeric=" currval( 'organization_seq' ) " />
			<column name="org_type_id"   valueNumeric=" currval( 'organization_type_seq' ) " />
		</insert>
		
		<insert schemaName="clinlims" tableName="organization">
			<column name="id"         valueNumeric=" nextval( 'organization_seq' ) " />
			<column name="short_name" value="5" />
			<column name="name"       value="Hôpitaux intérieurs" />
			<column name="lastupdated" valueDate=" now() " />
			<column name="mls_sentinel_lab_flag" value="N" />
			<column name="is_active" value="Y" />
		</insert>
		
		<insert schemaName="clinlims" tableName="organization_organization_type">
			<column name="org_id"        valueNumeric=" currval( 'organization_seq' ) " />
			<column name="org_type_id"   valueNumeric=" currval( 'organization_type_seq' ) " />
		</insert>
		
	</changeSet>
</databaseChangeLog>
