<?xml version="1.0" encoding="UTF-8"?>
<databaseChangeLog xmlns="http://www.liquibase.org/xml/ns/dbchangelog/1.9" xmlns:xsi="http://www.w3.org/2001/XMLSchema-instance" xsi:schemaLocation="http://www.liquibase.org/xml/ns/dbchangelog/1.9 http://www.liquibase.org/xml/ns/dbchangelog/dbchangelog-1.9.xsd">
    <changeSet author="paulsc" id="1">
               <comment>widens the description column for site_information</comment>
               <modifyColumn schemaName="clinlims" tableName="site_information">
                             <column name="description" type="varchar(120)"/>
               </modifyColumn>
    </changeSet>
    <changeSet author="paulsc" id="2"  >
	<comment>Sets up the site information domains and sets up the system information rows</comment>
    <insert schemaName="clinlims" tableName="site_information_domain">
            <column name="id" valueNumeric=" nextval( 'site_information_domain_seq' ) "/>
            <column name="name" value="siteIdentity"/>
            <column name="description" value="Identityfing items which don't change the behavior"/>
    </insert>
    <insert schemaName="clinlims" tableName="site_information_domain">
            <column name="id" valueNumeric=" nextval( 'site_information_domain_seq' ) "/>
            <column name="name" value="patientSharing"/>
            <column name="description" value="Items needed to share patient information"/>
    </insert>
    <insert schemaName="clinlims" tableName="site_information_domain">
            <column name="id" valueNumeric=" nextval( 'site_information_domain_seq' ) "/>
            <column name="name" value="siteExtras"/>
            <column name="description" value="Items which turn extra capacity on and off"/>
    </insert>
    <insert schemaName="clinlims" tableName="site_information_domain">
            <column name="id" valueNumeric=" nextval( 'site_information_domain_seq' ) "/>
            <column name="name" value="formating"/>
            <column name="description" value="Items which specify the format of artifacts"/>
    </insert>
    <insert schemaName="clinlims" tableName="site_information_domain">
            <column name="id" valueNumeric=" nextval( 'site_information_domain_seq' ) "/>
            <column name="name" value="rules"/>
            <column name="description" value="Items which change the busness rules and effect the workflow"/>
    </insert>
    <insert schemaName="clinlims" tableName="site_information_domain">
            <column name="id" valueNumeric=" nextval( 'site_information_domain_seq' ) "/>
            <column name="name" value="testUsage"/>
            <column name="description" value="Items which change the busness rules and effect the workflow"/>
    </insert>
    <insert schemaName="clinlims" tableName="site_information">
            <column name="id" valueNumeric="  nextval( 'site_information_seq' ) "/>
            <column name="name" value="configuration_name"/>
            <column name="description" value="The name which will listed as the configuration in the banner"/>
            <column name="domain_id" valueNumeric=" (select id from clinlims.site_information_domain where name = 'siteIdentity') "/>
            <column name="lastupdated" valueDate="  now() "/>
    </insert>
    <insert schemaName="clinlims" tableName="site_information">
            <column name="id" valueNumeric="  nextval( 'site_information_seq' ) "/>
            <column name="name" value="accession_number"/>
            <column name="description" value="accession format from predefined list"/>
            <column name="domain_id" valueNumeric=" (select id from clinlims.site_information_domain where name = 'formating') "/>
            <column name="lastupdated" valueDate="  now() "/>
    </insert>
    <insert schemaName="clinlims" tableName="site_information">
            <column name="id" valueNumeric="  nextval( 'site_information_seq' ) "/>
            <column name="name" value="password"/>
            <column name="description" value="password format from predefined list"/>
            <column name="domain_id" valueNumeric=" (select id from clinlims.site_information_domain where name = 'formating') "/>
            <column name="lastupdated" valueDate="  now() "/>
    </insert>
    <insert schemaName="clinlims" tableName="site_information">
            <column name="id" valueNumeric="  nextval( 'site_information_seq' ) "/>
            <column name="name" value="string context"/>
            <column name="description" value="For those strings which vary by local culture as well as language.  From a predefined list"/>
            <column name="domain_id" valueNumeric=" (select id from clinlims.site_information_domain where name = 'rules') "/>
            <column name="lastupdated" valueDate="  now() "/>
    </insert>
    <insert schemaName="clinlims" tableName="site_information">
            <column name="id" valueNumeric="  nextval( 'site_information_seq' ) "/>
            <column name="name" value="status rules"/>
            <column name="description" value="What status sets are being used and what are there transformations.  From a predefined list"/>
            <column name="domain_id" valueNumeric=" (select id from clinlims.site_information_domain where name = 'rules') "/>
            <column name="lastupdated" valueDate="  now() "/>
    </insert>
    <insert schemaName="clinlims" tableName="site_information">
            <column name="id" valueNumeric="  nextval( 'site_information_seq' ) "/>
            <column name="name" value="form_fields"/>
            <column name="description" value="What set of fields on the forms are used.  From a predefined list"/>
            <column name="domain_id" valueNumeric=" (select id from clinlims.site_information_domain where name = 'rules') "/>
            <column name="lastupdated" valueDate="  now() "/>
    </insert>
    <insert schemaName="clinlims" tableName="site_information">
            <column name="id" valueNumeric="  nextval( 'site_information_seq' ) "/>
            <column name="name" value="reflex_rules"/>
            <column name="description" value="What set of reflex rules are used. From a predefined list"/>
            <column name="domain_id" valueNumeric=" (select id from clinlims.site_information_domain where name = 'rules') "/>
            <column name="lastupdated" valueDate="  now() "/>
    </insert>
    <insert schemaName="clinlims" tableName="site_information">
            <column name="id" valueNumeric="  nextval( 'site_information_seq' ) "/>
            <column name="name" value="testUsageAggregationUrl"/>
            <column name="description" value="The url of the site to which test usage will be sent"/>
            <column name="domain_id" valueNumeric=" (select id from clinlims.site_information_domain where name = 'testUsage') "/>
            <column name="lastupdated" valueDate="  now() "/>
    </insert>
    <insert schemaName="clinlims" tableName="site_information">
            <column name="id" valueNumeric="  nextval( 'site_information_seq' ) "/>
            <column name="name" value="testUsageAggregationUserName"/>
            <column name="description" value="The user name for accesses to the service for aggregating test usage"/>
            <column name="domain_id" valueNumeric=" (select id from clinlims.site_information_domain where name = 'testUsage') "/>
            <column name="lastupdated" valueDate="  now() "/>
    </insert>
    <insert schemaName="clinlims" tableName="site_information">
            <column name="id" valueNumeric="  nextval( 'site_information_seq' ) "/>
            <column name="name" value="testUsageAggregationPassword"/>
            <column name="encrypted" valueBoolean="true"/>
            <column name="description" value="The password for accesser to the service for aggregating test usage"/>
            <column name="domain_id" valueNumeric=" (select id from clinlims.site_information_domain where name = 'testUsage') "/>
            <column name="lastupdated" valueDate="  now() "/>
    </insert>
</changeSet>
<changeSet author="paulsc" id="3">
    <comment>Adds a send status item in site-informat</comment>
    <insert schemaName="clinlims" tableName="site_information">
            <column name="id" valueNumeric="  nextval( 'site_information_seq' ) "/>
            <column name="name" value="testUsageSendStatus"/>
            <column name="description" value="The status of what happened the last time an attempt was made to send the report"/>
            <column name="domain_id" valueNumeric=" (select id from clinlims.site_information_domain where name = 'testUsage') "/>
            <column name="value" value="N/A"/>
            <column name="lastupdated" valueDate="  now() "/>
    </insert>
</changeSet>
<changeSet author="paulsc" id="4" runAlways="true">
           <comment>assigns siteIdenity to whatever site_information is not covered by other domains</comment>
           <update schemaName="clinlims" tableName="site_information">
                   <column name="domain_id" valueNumeric=" (select id from clinlims.site_information_domain where name = 'siteIdentity') "/>
                   <where>domain_id is null</where>
           </update>
</changeSet>
<changeSet author="paulsc" id="5">
           <comment>changes resultReporting row of site_information from true/false to enable/disable</comment>
           <update schemaName="clinlims" tableName="site_information">
                   <column name="value" value="enable"/>
                   <where>name='resultReporting' and value='true'</where>
           </update>
           <update schemaName="clinlims" tableName="site_information">
                   <column name="value" value="disable"/>
                   <where>name='resultReporting' and value='false'</where>
           </update>
</changeSet>
<changeSet author="paulsc" id="6">
         <comment>Adds the resultReporting rows to site_information</comment>
         <insert schemaName="clinlims" tableName="site_information">
                 <column name="id" valueNumeric=" nextval( 'site_information_seq') "/>
                 <column name="name" value="resultReporting"/>
                 <column name="description" value="Should reporting results electronically be enabled"/>
                 <column name="domain_id" valueNumeric=" (select id from clinlims.site_information_domain where name = 'siteIdentity') "/>
                 <column name="value" value="disable"/>
                 <column name="lastupdated" valueDate="  now() "/>
         </insert>
         <insert schemaName="clinlims" tableName="site_information">
                 <column name="id" valueNumeric=" nextval( 'site_information_seq') "/>
                 <column name="name" value="resultReportingURL"/>
                 <column name="description" value="Where reporting results electronically should be sent"/>
                 <column name="domain_id" valueNumeric=" (select id from clinlims.site_information_domain where name = 'siteIdentity') "/>
                 <column name="value" value="disable"/>
                 <column name="lastupdated" valueDate="  now() "/>
         </insert>
</changeSet>
<changeSet author="paulsc" id="7" >
	<comment>Adds another site information entry setting for configuration orders</comment>
	 <insert schemaName="clinlims" tableName="site_information_domain">
            <column name="id" valueNumeric=" nextval( 'site_information_domain_seq' ) "/>
            <column name="name" value="configIdentity"/>
            <column name="description" value="Identityfing items which identify the configuration"/>
    </insert>
</changeSet>
<changeSet author="paulsc" id="8" >
	<comment>Adds another site information entry setting for configuration orders</comment>
	 <insert schemaName="clinlims" tableName="site_information_domain">
            <column name="id" valueNumeric=" nextval( 'site_information_domain_seq' ) "/>
            <column name="name" value="resultReporting"/>
            <column name="description" value="Identityfing items which identify the configuration"/>
    </insert>
</changeSet>
<changeSet author="paulsc" id="9" >
	<comment>Sets configuration items to configIdentity</comment>
	<update schemaName="clinlims" tableName="site_information" >
		<column name="domain_id" valueNumeric=" (select id from clinlims.site_information_domain where name = 'configIdentity') " />
		<where>
			name = 'releaseNumber' OR name = 'appName' OR name = 'configuration_name' 
		</where>
	</update>
	<update schemaName="clinlims" tableName="site_information" >
		<column name="domain_id" valueNumeric=" (select id from clinlims.site_information_domain where name = 'siteIdentity') " />
		<where>
			name = 'TrainingInstallation' 
		</where>
	</update>
	<update schemaName="clinlims" tableName="site_information" >
		<column name="domain_id" valueNumeric=" (select id from clinlims.site_information_domain where name = 'resultReporting') " />
		<where>
			name = 'resultReporting'  OR name = 'resultReportingURL' 
		</where>
	</update>
</changeSet>
<changeSet author="paulsc" id="14">
	<comment>Adds sampleEntryConfiguration to site information domain and adds trackPaymentInformation to site_information</comment>
	 <insert schemaName="clinlims" tableName="site_information_domain">
            <column name="id" valueNumeric=" nextval( 'site_information_domain_seq' ) "/>
            <column name="name" value="sampleEntryConfig"/>
            <column name="description" value="Configuration for those items which can appear on the sample entry form"/>
    </insert>
    <insert schemaName="clinlims" tableName="site_information">
                 <column name="id" valueNumeric=" nextval( 'site_information_seq') "/>
                 <column name="name" value="trackPayment"/>
                 <column name="description" value="If true track patient payment for services"/>
                 <column name="domain_id" valueNumeric=" (select id from clinlims.site_information_domain where name = 'sampleEntryConfig') "/>
                 <column name="value" value="false"/>
                 <column name="lastupdated" valueDate="  now() "/>
                 <column name="value_type" value="boolean" />
                 <column name="instruction_key" value="instructions.patient.payment" />
         </insert>
</changeSet>

<changeSet author="kaseyc" id="1">
	<comment></comment>
	 <insert schemaName="clinlims" tableName="site_information_domain">
            <column name="id" valueNumeric=" nextval( 'site_information_domain_seq' ) "/>
            <column name="name" value="hiddenProperties"/>
            <column name="description" value="Configuration properties invisible to the user"/>
    </insert>
    <insert schemaName="clinlims" tableName="site_information">
                 <column name="id" valueNumeric=" nextval( 'site_information_seq') "/>
                 <column name="name" value="stringContext"/>
                 <column name="description" value="The context for the property, ex: Cote d' Iviore"/>
                 <column name="domain_id" valueNumeric=" (select id from clinlims.site_information_domain where name = 'hiddenProperties') "/>
                 <column name="value" value="Haiti"/>
                 <column name="lastupdated" valueDate="  now() "/>
                 <column name="value_type" value="text" />
    </insert>
    <insert schemaName="clinlims" tableName="site_information">
                 <column name="id" valueNumeric=" nextval( 'site_information_seq') "/>
                 <column name="name" value="statusRules"/>
                 <column name="description" value="statusRules determine specific status values for the application, ex: LNSP_haiti"/>
                 <column name="domain_id" valueNumeric=" (select id from clinlims.site_information_domain where name = 'hiddenProperties') "/>
                 <column name="value" value="Haiti"/>
                 <column name="lastupdated" valueDate="  now() "/>
                 <column name="value_type" value="text" />
    </insert>
    <insert schemaName="clinlims" tableName="site_information">
                 <column name="id" valueNumeric=" nextval( 'site_information_seq') "/>
                 <column name="name" value="reflexAction"/>
                 <column name="description" value="reflexActions determine the meaning of the flags in reflexes, ex: RetroCI"/>
                 <column name="domain_id" valueNumeric=" (select id from clinlims.site_information_domain where name = 'hiddenProperties') "/>
                 <column name="value" value="Haiti"/>
                 <column name="lastupdated" valueDate="  now() "/>
                 <column name="value_type" value="text" />
    </insert>
    <insert schemaName="clinlims" tableName="site_information">
                 <column name="id" valueNumeric=" nextval( 'site_information_seq') "/>
                 <column name="name" value="acessionFormat"/>
                 <column name="description" value="specifies the format of the acession number,ex: SiteYearNum"/>
                 <column name="domain_id" valueNumeric=" (select id from clinlims.site_information_domain where name = 'hiddenProperties') "/>
                 <column name="value" value="SiteYearNum"/>
                 <column name="lastupdated" valueDate="  now() "/>
                 <column name="value_type" value="text" />
    </insert>
    <insert schemaName="clinlims" tableName="site_information">
                 <column name="id" valueNumeric=" nextval( 'site_information_seq') "/>
                 <column name="name" value="passwordRequirements"/>
                 <column name="description" value="changes the password requirements depending on site, ex: HAITI"/>
                 <column name="domain_id" valueNumeric=" (select id from clinlims.site_information_domain where name = 'hiddenProperties') "/>
                 <column name="value" value="HAITI"/>
                 <column name="lastupdated" valueDate="  now() "/>
                 <column name="value_type" value="text" />
    </insert>
    <insert schemaName="clinlims" tableName="site_information">
                 <column name="id" valueNumeric=" nextval( 'site_information_seq') "/>
                 <column name="name" value="setFieldForm"/>
                 <column name="description" value="set form fields for each different implementation, ex: Haiti"/>
                 <column name="domain_id" valueNumeric=" (select id from clinlims.site_information_domain where name = 'hiddenProperties') "/>
                 <column name="value" value="Haiti"/>
                 <column name="lastupdated" valueDate="  now() "/>
                 <column name="value_type" value="text" />
    </insert>
</changeSet>
<changeSet author="kaseyc" id="2" context="ciLNSP">
	<comment>migrating configurations from code to database for ciLNSP</comment>
	<update schemaName="clinlims" tableName="site_information">
		<column name="value" value="CI" />
		<where>name = 'stringContext'</where>
	</update>
	<update schemaName="clinlims" tableName="site_information">
		<column name="value" value="LNSP_haiti" />
		<where>name = 'statusRules'</where>
	</update>
	<update schemaName="clinlims" tableName="site_information">
		<column name="value" value="LNSP_Haiti" />
		<where>name = 'reflexAction'</where>
	</update>
	<update schemaName="clinlims" tableName="site_information">
		<column name="value" value="AlphaSiteYearNum"/>
		<where>name = 'acessionFormat'</where>
	</update>
	<update schemaName="clinlims" tableName="site_information">
		<column name="value" value="HAITI" />
		<where>name = 'passwordRequirements'</where>
	</update>
	<update schemaName="clinlims" tableName="site_information">
		<column name="value" value="LNSP_CI" />
		<where>name = 'setFieldForm'</where>
	</update> 
</changeSet>
<changeSet author="kaseyc" id="3" context="CDIRetroCI">
	<comment>migrating configurations from code to database for ciLNSP</comment>
	<update schemaName="clinlims" tableName="site_information">
		<column name="value" value="CI" />
		<where>name = 'stringContext'</where>
	</update>
	<update schemaName="clinlims" tableName="site_information">
		<column name="value" value="RETROCI" />
		<where>name = 'statusRules'</where>
	</update>
	<update schemaName="clinlims" tableName="site_information">
		<column name="value" value="RetroCI" />
		<where>name = 'reflexAction'</where>
	</update>
	<update schemaName="clinlims" tableName="site_information">
		<column name="value" value="ProgramNum"/>
		<where>name = 'acessionFormat'</where>
	</update>
	<update schemaName="clinlims" tableName="site_information">
		<column name="value" value="CDI" />
		<where>name = 'passwordRequirements'</where>
	</update>
	<update schemaName="clinlims" tableName="site_information">
		<column name="value" value="CDI" />
		<where>name = 'setFieldForm'</where>
	</update> 
</changeSet>
<changeSet author="kaseyc" id="4" context="haiti">
	<comment>migrating configurations from code to database for ciLNSP</comment>
	<update schemaName="clinlims" tableName="site_information">
		<column name="value" value="Haiti" />
		<where>name = 'stringContext'</where>
	</update>
	<update schemaName="clinlims" tableName="site_information">
		<column name="value" value="Haiti" />
		<where>name = 'statusRules'</where>
	</update>
	<update schemaName="clinlims" tableName="site_information">
		<column name="value" value="Haiti" />
		<where>name = 'reflexAction'</where>
	</update>
	<update schemaName="clinlims" tableName="site_information">
		<column name="value" value="SiteYearNum"/>
		<where>name = 'acessionFormat'</where>
	</update>
	<update schemaName="clinlims" tableName="site_information">
		<column name="value" value="HAITI" />
		<where>name = 'passwordRequirements'</where>
	</update>
	<update schemaName="clinlims" tableName="site_information">
		<column name="value" value="Haiti" />
		<where>name = 'setFieldForm'</where>
	</update> 
</changeSet>
<changeSet author="kaseyc" id="5" context="haitiLNSP">
	<comment>migrating configurations from code to database for ciLNSP</comment>
	<update schemaName="clinlims" tableName="site_information">
		<column name="value" value="LNSP_Haiti" />
		<where>name = 'stringContext'</where>
	</update>
	<update schemaName="clinlims" tableName="site_information">
		<column name="value" value="LNSP_haiti" />
		<where>name = 'statusRules'</where>
	</update>
	<update schemaName="clinlims" tableName="site_information">
		<column name="value" value="LNSP_Haiti" />
		<where>name = 'reflexAction'</where>
	</update>
	<update schemaName="clinlims" tableName="site_information">
		<column name="value" value="AlphaSiteYearNum"/>
		<where>name = 'acessionFormat'</where>
	</update>
	<update schemaName="clinlims" tableName="site_information">
		<column name="value" value="HAITI" />
		<where>name = 'passwordRequirements'</where>
	</update>
	<update schemaName="clinlims" tableName="site_information">
		<column name="value" value="LNSP_Haiti" />
		<where>name = 'setFieldForm'</where>
	</update> 
</changeSet>
<changeSet author="paulsc" id="15" >
	<comment>Adds malaria Surveillance and aggregate reporting</comment>
	<update tableName="site_information_domain" schemaName="clinlims">
		<column name="description" value="Items which effect reports being sent electronically" />
		<where>name = 'resultReporting'</where>
	</update>
	<update tableName="site_information" schemaName="">
		<column name="group" valueNumeric="1" />
		<where>
			domain_id = (select id from clinlims.site_information_domain where name = 'resultReporting'); 
		</where>
	</update>
	<update tableName="site_information">
		<column name="tag" value="enable"/>
		<where> name = 'resultReporting'</where>	
	</update>
	<update tableName="site_information">
		<column name="tag" value="url"/>
		<where> name = 'resultReportingURL'</where>	
	</update>
	<insert schemaName="clinlims" tableName="quartz_cron_scheduler">
                        <column name="id" valueNumeric=" nextval( 'quartz_cron_scheduler_seq' ) "/>
                        <column name="active" type="boolean" valueBoolean="false"/>
                        <column name="name" value="send malaria surviellance report"/>
                        <column name="job_name" value="sendMalariaSurviellanceReport"/>
                        <column name="display_key" value="schedule.name.sendMalariaServiellanceReport"/>
                        <column name="description_key" value="schedule.description.sendMalariaServiellanceReport"/>
    </insert>
	<insert schemaName="clinlims" tableName="site_information">
                 <column name="id" valueNumeric=" nextval( 'site_information_seq') "/>
                 <column name="name" value="malariaSurURL"/>
                 <column name="description" value="The URL for malaria Surveillance reports"/>
                 <column name="domain_id" valueNumeric=" (select id from clinlims.site_information_domain where name = 'resultReporting') "/>
                 <column name="value" value=""/>
                 <column name="lastupdated" valueDate="  now() "/>
                 <column name="value_type" value="text" />
                 <column name="instruction_key"  value="instructions.result.malaria.sur.url"/>
                 <column name="group" valueNumeric="2" />
                 <column name="tag" value="url"/>
    </insert>
	<insert schemaName="clinlims" tableName="site_information">
                 <column name="id" valueNumeric=" nextval( 'site_information_seq') "/>
                 <column name="name" value="malariaSurReport"/>
                 <column name="description" value="True to send reports, false otherwise"/>
                 <column name="domain_id" valueNumeric=" (select id from clinlims.site_information_domain where name = 'resultReporting') "/>
                 <column name="value" value="false"/>
                 <column name="lastupdated" valueDate="  now() "/>
                 <column name="value_type" value="boolean" />
                 <column name="instruction_key"  value="instructions.result.malaria.surveillance"/>
                 <column name="group" valueNumeric="2" />
                 <column name="tag" value="enable"/>
                 <column name="schedule_id" valueNumeric=" (select id from clinlims.quartz_cron_scheduler where job_name = 'sendMalariaSurviellanceReport' ) " />
    </insert>
	<insert schemaName="clinlims" tableName="site_information">
                 <column name="id" valueNumeric=" nextval( 'site_information_seq') "/>
                 <column name="name" value="malariaCaseURL"/>
                 <column name="description" value="The URL for malaria case reports"/>
                 <column name="domain_id" valueNumeric=" (select id from clinlims.site_information_domain where name = 'resultReporting') "/>
                 <column name="value" value=""/>
                 <column name="lastupdated" valueDate="  now() "/>
                 <column name="value_type" value="text" />
                 <column name="instruction_key"  value="instructions.result.malaria.case.url"/>
                 <column name="group" valueNumeric="3" />
                 <column name="tag" value="url"/>
    </insert>
	<insert schemaName="clinlims" tableName="site_information">
                 <column name="id" valueNumeric=" nextval( 'site_information_seq') "/>
                 <column name="name" value="malariaCaseReport"/>
                 <column name="description" value="True to send reports, false otherwise"/>
                 <column name="domain_id" valueNumeric=" (select id from clinlims.site_information_domain where name = 'resultReporting') "/>
                 <column name="value" value="false"/>
                 <column name="lastupdated" valueDate="  now() "/>
                 <column name="value_type" value="boolean" />
                 <column name="instruction_key"  value="instructions.result.malaria.case"/>
                 <column name="group" valueNumeric="3" />
                 <column name="tag" value="enable"/>
    </insert>
</changeSet>
<changeSet author="paulsc" id="16">
         <comment>Adds enable test usage reporting rows to site_information</comment>
         <insert schemaName="clinlims" tableName="site_information">
                 <column name="id" valueNumeric=" nextval( 'site_information_seq') "/>
                 <column name="name" value="testUsageReporting"/>
                 <column name="description" value="Should reporting testUsage electronically be enabled"/>
                 <column name="domain_id" valueNumeric=" (select id from clinlims.site_information_domain where name = 'testUsage') "/>
                 <column name="value" value="false"/>
                 <column name="lastupdated" valueDate="  now() "/>
                 <column name="value_type" value="boolean" />
                 <column name="instruction_key"  value="instructions.test.usage"/>
                 <column name="tag" value="enable"/>
         </insert>
</changeSet>
<changeSet author="paulsc" id="17">
	<preConditions onFail="MARK_RAN">
		<sqlCheck expectedResult="1">
			select count(*) from clinlims.quartz_cron_scheduler where name = 'send site indicators' and active = true;
		</sqlCheck>
	</preConditions>
	<update tableName="site_information" schemaName="clinlims">
		<column name="value" value="true"/>
		<where>name = 'testUsageReporting'</where>
	</update>
</changeSet>
</databaseChangeLog>


