<?xml version="1.0" encoding="utf-8"?>
<openerp>
    <data>
        <record id="turn_around_time_extended_tree_view" model="ir.ui.view">
            <field name="name">turn_around_time.report.tree</field>
            <field name="model">turn_around_time.report</field>
            <field eval="7" name="priority"/>
            <field name="arch" type="xml">
                <tree string="Customer TAT">
                    <field name="patient_id"/>
                    <field name="patient_name"/>
                    <field name="bill_tat"/>
                    <field name="pay_tat"/>
                    <field name="total"/>
                </tree>
            </field>

        </record>



        <record id="turn_around_time_extended_filter" model="ir.ui.view">
            <field name="name">turn_around_time.report.filter</field>
            <field name="model">turn_around_time.report</field>
            <field name="arch" type="xml">
                <search string="Search Customer TOT">
                    <field name="patient_id"/>
                    <field name="patient_name"/>
                </search>
            </field>
        </record>
    </data>
</openerp>

