<?xml version="1.0" encoding="UTF-8"?>

<openerp>
    <data>
        <record id="bahmni_view_voucher_filter_customer_pay" model="ir.ui.view">
            <field name="name">account.voucher.customer.pay.select</field>
            <field name="model">account.voucher</field>
            <field name="inherit_id" ref="account_voucher.view_voucher_filter_customer_pay"/>

            <field name="arch" type="xml">
                <xpath expr="//filter[@string='Status']" position="after" >
                    <filter string="Cashier" icon="terp-stock_effects-object-colorize" domain="[]" context="{'group_by':'create_uid'}"/>
                </xpath>
            </field>
        </record>
    </data>
</openerp>