<?xml version="1.0" encoding="UTF-8"?>

<openerp>
    <data>
       	<record id="view_product_add_manufacturer" model="ir.ui.view">
            <field name="name">product.normal.form</field>
            <field name="model">product.product</field>
            <field name="type">form</field>
            <field name="inherit_id" ref="product.product_normal_form_view"/>
            <field name="arch" type="xml">
                <xpath expr="/form/sheet/notebook/page[@string='Information']/group" position="inside" >
                    <group>
                        <field name="drug" />
                        <field name="manufacturer" />
                    </group>
                </xpath>
                <xpath expr="/form/sheet/notebook/page[@string='Procurements']//field[@name='standard_price']" position="after">
                    <field name="mrp" />
                </xpath>
            </field>
        </record>

        <record id="add_actual_stock_product_tree" model="ir.ui.view">
            <field name="name">product.product.tree</field>
            <field name="model">product.product</field>
            <field name="inherit_id" ref="product.product_product_tree_view"/>
            <field name="arch" type="xml">
                <xpath expr="/tree/field[@name='qty_available']" position="after">
                    <field name="actual_stock"/>
                </xpath>
            </field>
        </record>
    </data>
</openerp>