<?xml version="1.0" encoding="UTF-8"?>
<databaseChangeLog
    xmlns="http://www.liquibase.org/xml/ns/dbchangelog/1.9"
    xmlns:xsi="http://www.w3.org/2001/XMLSchema-instance"
    xsi:schemaLocation="http://www.liquibase.org/xml/ns/dbchangelog/1.9 http://www.liquibase.org/xml/ns/dbchangelog/dbchangelog-1.9.xsd">
    <!--Add change tags here-->
    <!-- Data specific to CDIRetroCI  -->    
  	<changeSet author="paulsc" id="1" context="CDIRetroCI">
		<comment>Adds the module workplan:panel to Results entry role</comment>
		<insert schemaName="clinlims" tableName="system_role_module">
			<column name="id" valueNumeric=" nextVal( 'system_user_module_seq' ) " />
			<column name="has_select" value="Y" />
			<column name="has_add" value="Y" />
			<column name="has_update" value="Y" />
			<column name="has_delete" value="Y" />
             <column name="system_role_id" valueNumeric=" ( select id from system_role where name = 'Report Admin' ) "/>
             <column name="system_module_id" valueNumeric=" ( select id from system_module where name = 'AuditTrailView' ) "/>
		</insert>
	</changeSet>
	<changeSet author="paulsc" id="2" context="CDIRetroCI" >
		<comment>Rolls back the change from above and adds the AuditTrailView to a new Role</comment>
		<delete tableName="system_role_module" schemaName="clinlims">
			<where>system_module_id = ( select id from system_module where name = 'AuditTrailView' )</where>
		</delete>
		<insert tableName="system_role">
			<column name="id"  valueNumeric=" nextval( 'system_role_seq' ) "/>
			<column name="name" value="Audit Trail" />
			<column name="description" value="Able to view the audit trail" />
			<column name="display_key"  value="role.audittrail" />			
		</insert>
		<insert schemaName="clinlims" tableName="system_role_module">
				<column name="id" valueNumeric=" nextVal( 'system_user_module_seq' ) " />
				<column name="has_select" value="Y" />
				<column name="has_add" value="Y" />
				<column name="has_update" value="Y" />
				<column name="has_delete" value="Y" />
	             <column name="system_role_id" valueNumeric=" ( select id from system_role where name = 'Audit Trail' ) "/>
	             <column name="system_module_id" valueNumeric=" ( select id from system_module where name = 'AuditTrailView' ) "/>
		</insert>
	</changeSet>
	<changeSet author="paulsc" id="3" context="CDIRetroCI">
		<comment>Adds new mapping to analyzer test map table</comment>
		<insert tableName="analyzer_test_map" schemaName="clinlims">
			<column name="analyzer_id" valueNumeric=" ( select id from clinlims.analyzer where name = 'Cobas Taqman' ) " />
			<column name="analyzer_test_name" value="HI2CAP48" />
			<column name="test_id" valueNumeric=" ( select id from clinlims.test where name = 'Viral Load' ) " />
			<column name="lastupdated" valueDate=" now() " />
		</insert>
	</changeSet>
	<changeSet author="paulsc" id="4" context="CDIRetroCI">
		<comment>Adds a CobasTaqman DNA PCR role and matches it with the module</comment>
		<insert tableName="system_role">
			<column name="id"  valueNumeric=" nextval( 'system_role_seq' ) "/>
			<column name="name" value="CobasTaqman DNA PCR" />
			<column name="description" value="Able to enter results for Cobas Taqman DNA PCR" />
			<column name="display_key"  value="role.cobasDNA_PCR" />	
			<column name="grouping_parent" valueNumeric=" (select id from clinlims.system_role where name = 'Virology automatic' ) " />		
		</insert>
		<insert schemaName="clinlims" tableName="system_role_module">
				<column name="id" valueNumeric=" nextVal( 'system_user_module_seq' ) " />
				<column name="has_select" value="Y" />
				<column name="has_add" value="Y" />
				<column name="has_update" value="Y" />
				<column name="has_delete" value="Y" />
	             <column name="system_role_id" valueNumeric=" ( select id from system_role where name = 'CobasTaqman DNA PCR' ) "/>
	             <column name="system_module_id" valueNumeric=" ( select id from system_module where name = 'AnalyzerResults:cobasDBS' ) "/>
		</insert>
	</changeSet>
	<changeSet author="paulsc" id="5" context="CDIRetroCI">
		<comment>Adds biochem role to the biochem module </comment>
		<insert schemaName="clinlims" tableName="system_role_module">
			<column name="id" valueNumeric=" nextVal( 'system_user_module_seq' ) " />
			<column name="has_select" value="Y" />
			<column name="has_add" value="Y" />
			<column name="has_update" value="Y" />
			<column name="has_delete" value="Y" />
             <column name="system_role_id" valueNumeric=" ( select id from system_role where name = 'Biochemistry manual' ) "/>
             <column name="system_module_id" valueNumeric=" ( select id from system_module where name = 'LogbookResults:chem' ) "/>
		</insert>
	</changeSet>
	<changeSet author="paulsc" id="6"  context="CDIRetroCI">
	  <comment>Adds modules to Facsalibur user role</comment>
       <insert tableName="system_role_module">
             <column name="id" valueNumeric=" nextval( 'system_user_module_seq' ) "/>
             <column name="has_select" value="Y"/>
             <column name="has_add" value="Y"/>
             <column name="has_update"  value="Y"/>
             <column name="has_delete"  value="Y"/>
             <column name="system_role_id" valueNumeric=" ( select id from system_role where name = 'Facscanto user' ) "/>
             <column name="system_module_id" valueNumeric=" ( select id from system_module where name = 'Workplan:test' ) " />
       </insert>
       <insert tableName="system_role_module">
             <column name="id" valueNumeric=" nextval( 'system_user_module_seq' ) "/>
             <column name="has_select" value="Y"/>
             <column name="has_add" value="Y"/>
             <column name="has_update"  value="Y"/>
             <column name="has_delete"  value="Y"/>
             <column name="system_role_id" valueNumeric=" ( select id from system_role where name = 'Cobas Taqman user' ) "/>
             <column name="system_module_id" valueNumeric=" ( select id from system_module where name = 'Workplan:test' ) " />
       </insert>
       <insert tableName="system_role_module">
             <column name="id" valueNumeric=" nextval( 'system_user_module_seq' ) "/>
             <column name="has_select" value="Y"/>
             <column name="has_add" value="Y"/>
             <column name="has_update"  value="Y"/>
             <column name="has_delete"  value="Y"/>
             <column name="system_role_id" valueNumeric=" ( select id from system_role where name = 'CobasTaqman DNA PCR' ) "/>
             <column name="system_module_id" valueNumeric=" ( select id from system_module where name = 'Workplan:test' ) " />
       </insert>
       <insert tableName="system_role_module">
             <column name="id" valueNumeric=" nextval( 'system_user_module_seq' ) "/>
             <column name="has_select" value="Y"/>
             <column name="has_add" value="Y"/>
             <column name="has_update"  value="Y"/>
             <column name="has_delete"  value="Y"/>
             <column name="system_role_id" valueNumeric=" ( select id from system_role where name = 'Facscanto user' ) "/>
             <column name="system_module_id" valueNumeric=" ( select id from system_module where name = 'AccessionResults' ) " />
       </insert>
       <insert tableName="system_role_module">
             <column name="id" valueNumeric=" nextval( 'system_user_module_seq' ) "/>
             <column name="has_select" value="Y"/>
             <column name="has_add" value="Y"/>
             <column name="has_update"  value="Y"/>
             <column name="has_delete"  value="Y"/>
             <column name="system_role_id" valueNumeric=" ( select id from system_role where name = 'Cobas Taqman user' ) "/>
             <column name="system_module_id" valueNumeric=" ( select id from system_module where name = 'AccessionResults' ) " />
       </insert>
       <insert tableName="system_role_module">
             <column name="id" valueNumeric=" nextval( 'system_user_module_seq' ) "/>
             <column name="has_select" value="Y"/>
             <column name="has_add" value="Y"/>
             <column name="has_update"  value="Y"/>
             <column name="has_delete"  value="Y"/>
             <column name="system_role_id" valueNumeric=" ( select id from system_role where name = 'CobasTaqman DNA PCR' ) "/>
             <column name="system_module_id" valueNumeric=" ( select id from system_module where name = 'AccessionResults' ) " />
       </insert>
       <insert tableName="system_role_module">
             <column name="id" valueNumeric=" nextval( 'system_user_module_seq' ) "/>
             <column name="has_select" value="Y"/>
             <column name="has_add" value="Y"/>
             <column name="has_update"  value="Y"/>
             <column name="has_delete"  value="Y"/>
             <column name="system_role_id" valueNumeric=" ( select id from system_role where name = 'Facscanto user' ) "/>
             <column name="system_module_id" valueNumeric=" ( select id from system_module where name = 'StatusResults' ) " />
       </insert>
       <insert tableName="system_role_module">
             <column name="id" valueNumeric=" nextval( 'system_user_module_seq' ) "/>
             <column name="has_select" value="Y"/>
             <column name="has_add" value="Y"/>
             <column name="has_update"  value="Y"/>
             <column name="has_delete"  value="Y"/>
             <column name="system_role_id" valueNumeric=" ( select id from system_role where name = 'Cobas Taqman user' ) "/>
             <column name="system_module_id" valueNumeric=" ( select id from system_module where name = 'StatusResults' ) " />
       </insert>
       <insert tableName="system_role_module">
             <column name="id" valueNumeric=" nextval( 'system_user_module_seq' ) "/>
             <column name="has_select" value="Y"/>
             <column name="has_add" value="Y"/>
             <column name="has_update"  value="Y"/>
             <column name="has_delete"  value="Y"/>
             <column name="system_role_id" valueNumeric=" ( select id from system_role where name = 'CobasTaqman DNA PCR' ) "/>
             <column name="system_module_id" valueNumeric=" ( select id from system_module where name = 'StatusResults' ) " />
       </insert>
             <insert tableName="system_role_module">
             <column name="id" valueNumeric=" nextval( 'system_user_module_seq' ) "/>
             <column name="has_select" value="Y"/>
             <column name="has_add" value="Y"/>
             <column name="has_update"  value="Y"/>
             <column name="has_delete"  value="Y"/>
             <column name="system_role_id" valueNumeric=" ( select id from system_role where name = 'Facscanto user' ) "/>
             <column name="system_module_id" valueNumeric=" ( select id from system_module where name = 'Workplan:immunology' ) " />
       </insert>
       <insert tableName="system_role_module">
             <column name="id" valueNumeric=" nextval( 'system_user_module_seq' ) "/>
             <column name="has_select" value="Y"/>
             <column name="has_add" value="Y"/>
             <column name="has_update"  value="Y"/>
             <column name="has_delete"  value="Y"/>
             <column name="system_role_id" valueNumeric=" ( select id from system_role where name = 'Cobas Taqman user' ) "/>
             <column name="system_module_id" valueNumeric=" ( select id from system_module where name = 'Workplan:virology' ) " />
       </insert>
       <insert tableName="system_role_module">
             <column name="id" valueNumeric=" nextval( 'system_user_module_seq' ) "/>
             <column name="has_select" value="Y"/>
             <column name="has_add" value="Y"/>
             <column name="has_update"  value="Y"/>
             <column name="has_delete"  value="Y"/>
             <column name="system_role_id" valueNumeric=" ( select id from system_role where name = 'CobasTaqman DNA PCR' ) "/>
             <column name="system_module_id" valueNumeric=" ( select id from system_module where name = 'Workplan:virology' ) " />
       </insert>
     </changeSet>  
     <changeSet author="paulsc" id="7"  context="CDIRetroCI" >
     	<comment>Results admin missing access to tacqman DNA</comment>
        <insert tableName="system_role_module">
             <column name="id" valueNumeric=" nextval( 'system_user_module_seq' ) "/>
             <column name="has_select" value="Y"/>
             <column name="has_add" value="Y"/>
             <column name="has_update"  value="Y"/>
             <column name="has_delete"  value="Y"/>
             <column name="system_role_id" valueNumeric=" ( select id from system_role where name = 'Results Admin' ) "/>
             <column name="system_module_id" valueNumeric=" ( select id from system_module where name = 'AnalyzerResults:cobasDBS' ) " />
        </insert>
     </changeSet>
     <changeSet author="paulsc" id="8"  context="CDIRetroCI" >
     	<comment>maintenance admin missing access to result and report configuration</comment>
     	<insert tableName="system_module">
     		<column name="id"  valueNumeric=" nextval( 'system_module_seq' ) "/>
			<column name="name"  value="PrintedReportsConfiguration"/>
			<column name="description" value="admin->PrintedReportsConfiguration" />
			<column name="has_select_flag" value="N" />
			<column name="has_add_flag" value="N" />
			<column name="has_update_flag" value="N" />
			<column name="has_delete_flag" value="N" />
     	</insert>
     	<insert tableName="system_module">
     		<column name="id"  valueNumeric=" nextval( 'system_module_seq' ) "/>
			<column name="name"  value="ResultConfiguration"/>
			<column name="description" value="admin->ResultConfiguration" />
			<column name="has_select_flag" value="N" />
			<column name="has_add_flag" value="N" />
			<column name="has_update_flag" value="N" />
			<column name="has_delete_flag" value="N" />
     	</insert>
        <insert tableName="system_role_module">
             <column name="id" valueNumeric=" nextval( 'system_user_module_seq' ) "/>
             <column name="has_select" value="Y"/>
             <column name="has_add" value="Y"/>
             <column name="has_update"  value="Y"/>
             <column name="has_delete"  value="Y"/>
             <column name="system_role_id" valueNumeric=" ( select id from system_role where name = 'Maintenance Admin' ) "/>
             <column name="system_module_id" valueNumeric=" ( select id from system_module where name = 'PrintedReportsConfiguration' ) " />
        </insert>
        <insert tableName="system_role_module">
             <column name="id" valueNumeric=" nextval( 'system_user_module_seq' ) "/>
             <column name="has_select" value="Y"/>
             <column name="has_add" value="Y"/>
             <column name="has_update"  value="Y"/>
             <column name="has_delete"  value="Y"/>
             <column name="system_role_id" valueNumeric=" ( select id from system_role where name = 'Maintenance Admin' ) "/>
             <column name="system_module_id" valueNumeric=" ( select id from system_module where name = 'ResultConfiguration' ) " />
        </insert>
     </changeSet>
     <changeSet author="paulsc" id="9" context="CDIRetroCI">
     	<preConditions onFail="MARK_RAN">
     		<sqlCheck expectedResult="0" >
     			select count(*) from clinlims.test_reflex where test_id =  ( select id from clinlims.test where name = 'Bioline' ) ;
     		</sqlCheck>
     	</preConditions>
     	<comment>Rerunning the insertion of Bioline reflexes.  They are in the log but not in the db  Go figure</comment>
     		    <insert schemaName="clinlims" tableName="test_reflex">
           		<column name="id" valueNumeric=" nextval( 'test_reflex_seq' ) "/>  
           		<column name="test_id" valueNumeric=" ( select id from clinlims.test where name = 'Bioline' ) "/>
           		<column name="tst_rslt_id" valueNumeric=" ( select id from clinlims.test_result  where test_id = ( select id from clinlims.test  where name ='Bioline' ) and cast ( value as numeric) in ( select id from clinlims.dictionary where dict_entry = 'HIV1' )) "/>
           		<column name="test_analyte_id" valueNumeric=" ( select id from clinlims.test_analyte where analyte_id = ( select id from clinlims.analyte where name = 'Bioline Results' )) "/>
           		<column name="scriptlet_id" valueNumeric=" ( select id from clinlims.scriptlet where name = 'HIV Status HIV 1' ) " />
           		<column name="lastupdated" valueDate='now()' /> 
		</insert>
		<insert schemaName="clinlims" tableName="test_reflex">
           		<column name="id" valueNumeric=" nextval( 'test_reflex_seq' ) "/>  
           		<column name="test_id" valueNumeric=" ( select id from clinlims.test where name = 'Bioline' ) "/>
           		<column name="tst_rslt_id" valueNumeric=" ( select id from clinlims.test_result  where test_id = ( select id from clinlims.test  where name ='Bioline' ) and cast ( value as numeric) in ( select id from clinlims.dictionary where dict_entry = 'HIV2' )) "/>
           		<column name="test_analyte_id" valueNumeric=" ( select id from clinlims.test_analyte where analyte_id = ( select id from clinlims.analyte where name = 'Bioline Results' )) "/>
           		<!--  No sibling-->
           		<column name="scriptlet_id" valueNumeric=" ( select id from clinlims.scriptlet where name = 'HIV Status HIV 2' ) " />
           		<column name="lastupdated" valueDate='now()' /> 
		</insert>
		<insert schemaName="clinlims" tableName="test_reflex">
           		<column name="id" valueNumeric=" nextval( 'test_reflex_seq' ) "/>  
           		<column name="test_id" valueNumeric=" ( select id from clinlims.test where name = 'Bioline' ) "/>
           		<column name="tst_rslt_id" valueNumeric=" ( select id from clinlims.test_result  where test_id = ( select id from clinlims.test  where name ='Bioline' ) and cast ( value as numeric) in ( select id from clinlims.dictionary where dict_entry = 'HIVD' )) "/>
           		<column name="test_analyte_id" valueNumeric=" ( select id from clinlims.test_analyte where analyte_id = ( select id from clinlims.analyte where name = 'Bioline Results' )) "/>
           		<column name="scriptlet_id" valueNumeric=" ( select id from clinlims.scriptlet where name = 'HIV Status HIV D' ) " />
           		<column name="lastupdated" valueDate='now()' /> 
		</insert>
			            
	
       <insert schemaName="clinlims" tableName="test_reflex">
        		<column name="id" valueNumeric=" nextval( 'test_reflex_seq' ) "/>  
        		<column name="test_id" valueNumeric=" ( select id from clinlims.test where name = 'Bioline' ) "/>
        		<column name="tst_rslt_id" valueNumeric=" ( select id from clinlims.test_result  where test_id = ( select id from clinlims.test  where name ='Bioline' ) and cast ( value as numeric) in ( select id from clinlims.dictionary where dict_entry = 'Negative' )) "/>
        		<column name="test_analyte_id" valueNumeric=" ( select id from clinlims.test_analyte where analyte_id = ( select id from clinlims.analyte where name = 'Bioline Results' )) "/>
        		<column name="add_test_id" valueNumeric=" ( select id from clinlims.test where local_abbrev='Western Blot 1' ) "/>
        		<column name="lastupdated" valueDate='now()' /> 
      </insert>
      <insert schemaName="clinlims" tableName="test_reflex">
        		<column name="id" valueNumeric=" nextval( 'test_reflex_seq' ) "/>  
        		<column name="test_id" valueNumeric=" ( select id from clinlims.test where name = 'Bioline' ) "/>
        		<column name="tst_rslt_id" valueNumeric=" ( select id from clinlims.test_result  where test_id = ( select id from clinlims.test  where name ='Bioline' ) and cast ( value as numeric) in ( select id from clinlims.dictionary where dict_entry = 'Indeterminate' )) "/>
        		<column name="test_analyte_id" valueNumeric=" ( select id from clinlims.test_analyte where analyte_id = ( select id from clinlims.analyte where name = 'Bioline Results' )) "/>
        		<column name="add_test_id" valueNumeric=" ( select id from clinlims.test where local_abbrev='Western Blot 1' ) "/>
        		<column name="lastupdated" valueDate='now()' /> 
      </insert>
      <insert schemaName="clinlims" tableName="test_reflex">
        		<column name="id" valueNumeric=" nextval( 'test_reflex_seq' ) "/>  
        		<column name="test_id" valueNumeric=" ( select id from clinlims.test where name = 'Bioline' ) "/>
        		<column name="tst_rslt_id" valueNumeric=" ( select id from clinlims.test_result  where test_id = ( select id from clinlims.test  where name ='Bioline' ) and cast ( value as numeric) in ( select id from clinlims.dictionary where dict_entry = 'Invalid')) "/>
        		<column name="test_analyte_id" valueNumeric=" ( select id from clinlims.test_analyte where analyte_id = ( select id from clinlims.analyte where name = 'Bioline Results' )) "/>
        		<column name="add_test_id" valueNumeric=" ( select id from clinlims.test where local_abbrev='Western Blot 1' ) "/>
        		<column name="lastupdated" valueDate='now()' /> 
      </insert>
      <insert schemaName="clinlims" tableName="test_reflex">
        		<column name="id" valueNumeric=" nextval( 'test_reflex_seq' ) "/>  
        		<column name="test_id" valueNumeric=" ( select id from clinlims.test where name = 'Bioline' ) "/>
        		<column name="tst_rslt_id" valueNumeric=" ( select id from clinlims.test_result  where test_id = ( select id from clinlims.test  where name ='Bioline' ) and cast ( value as numeric) in ( select id from clinlims.dictionary where dict_entry = 'Negative' )) "/>
        		<column name="test_analyte_id" valueNumeric=" ( select id from clinlims.test_analyte where analyte_id = ( select id from clinlims.analyte where name = 'Bioline Results' )) "/>
        		<column name="add_test_id" valueNumeric=" ( select id from clinlims.test where local_abbrev='Western Blot 2' ) "/>
        		<column name="lastupdated" valueDate='now()' /> 
      </insert>
      <insert schemaName="clinlims" tableName="test_reflex">
        		<column name="id" valueNumeric=" nextval( 'test_reflex_seq' ) "/>  
        		<column name="test_id" valueNumeric=" ( select id from clinlims.test where name = 'Bioline' ) "/>
        		<column name="tst_rslt_id" valueNumeric=" ( select id from clinlims.test_result  where test_id = ( select id from clinlims.test  where name ='Bioline' ) and cast ( value as numeric) in ( select id from clinlims.dictionary where dict_entry = 'Indeterminate' )) "/>
        		<column name="test_analyte_id" valueNumeric=" ( select id from clinlims.test_analyte where analyte_id = ( select id from clinlims.analyte where name = 'Bioline Results' )) "/>
        		<column name="add_test_id" valueNumeric=" ( select id from clinlims.test where local_abbrev='Western Blot 2' ) "/>
        		<column name="lastupdated" valueDate='now()' /> 
      </insert>
      <insert schemaName="clinlims" tableName="test_reflex">
        		<column name="id" valueNumeric=" nextval( 'test_reflex_seq' ) "/>  
        		<column name="test_id" valueNumeric=" ( select id from clinlims.test where name = 'Bioline' ) "/>
        		<column name="tst_rslt_id" valueNumeric=" ( select id from clinlims.test_result  where test_id = ( select id from clinlims.test  where name ='Bioline' ) and cast ( value as numeric) in ( select id from clinlims.dictionary where dict_entry = 'Invalid')) "/>
        		<column name="test_analyte_id" valueNumeric=" ( select id from clinlims.test_analyte where analyte_id = ( select id from clinlims.analyte where name = 'Bioline Results' )) "/>
        		<column name="add_test_id" valueNumeric=" ( select id from clinlims.test where local_abbrev='Western Blot 2' ) "/>
        		<column name="lastupdated" valueDate='now()' /> 
      </insert>
     </changeSet>
     <include file="OE2.8/OE2.8.1/RetroCIData.xml"/>
</databaseChangeLog>
