<?xml version="1.0" encoding="UTF-8"?>

<openerp>
    <data>
        <record id="jss_invoice_form_add_discount" model="ir.ui.view">
            <field name="name">account.voucher.receipt.form</field>
            <field name="model">account.voucher</field>
            <field name="type">form</field>
            <field name="inherit_id" ref="account_voucher.view_vendor_receipt_form"/>

            <field name="arch" type="xml">
                <xpath expr="/form/header/button[@name='proforma_voucher']" position="attributes">
                    <attribute name="accesskey">V</attribute>
                </xpath>

                <xpath expr="/form/sheet/group/group[1]/field[@name='journal_id']" position="replace" >
                    <field name="journal_id"
                           domain="[('type','=',['cash'])]"
                           widget="selection"
                           on_change="onchange_journal(journal_id, line_cr_ids, False, partner_id, date, amount, type, company_id, context)"
                           string="Payment Method"/>
                </xpath>
                <field name="partner_id" domain="[('customer','=',True)]"  string="Customer" position="replace">
                   <field name="partner_id" domain="[('customer','=',True)]" required="1" on_change="onchange_partner_id(partner_id, journal_id, amount, currency_id, type, date, context)" string="Customer" context="{'search_default_customer': 1}"/>
                </field>
                <field name="amount" class="oe_inline" string="Paid Amount" widget="monetary" position="replace">
                     <field name="amount" class="custom_oe_field_big"
                       string="Paid Amount" default_focus="1"
                       widget="monetary" options="{'currency_field': 'currency_id'}"
                       on_change="onchange_amount(amount, payment_rate, partner_id, journal_id, currency_id, type, date, payment_rate_currency_id, company_id, context)"/>
                </field>


                <field name="amount" class="oe_inline"
                       string="Paid Amount"
                       widget="monetary" position="before">
                        <field name="balance_before_pay" widget="monetary"  class="custom_oe_field_big"  options="{'currency_field': 'currency_id'}"/>

                </field>
               <field name="amount" class="oe_inline"
                   string="Paid Amount"
                   widget="monetary" position="after">
                   <field name="balance_amount" widget="monetary"  class="custom_oe_field_big"  options="{'currency_field': 'currency_id'}"/>
                   <button name="proforma_voucher" widget="monetary" string="Validate"   states="draft" class="oe_highlight"/>
                   <button name="proforma_voucher" widget="monetary" string="Validate" invisible="1" states="draft" class="oe_highlight"/>
               </field>


                <field name="reference" string="Payment Ref" placeholder="e.g. 003/10" position="attributes" >
                    <attribute name="invisible">1</attribute>/>
                </field>

                <field name="name" colspan="2" placeholder="e.g. Invoice SAJ/0042" position="attributes" >
                    <attribute name="invisible">1</attribute>/>
                </field>

                <field name="account_id"  groups="base.group_no_one" domain="[('type','=','receivable')]" position="attributes" >
                    <attribute name="invisible">1</attribute>/>
                </field>

                <field name="date_due" readonly="1" position="attributes" >
                    <attribute name="invisible">1</attribute>/>
                </field>

                <xpath expr="/form/sheet/notebook/page/group//field[@name='writeoff_amount']" position="before" >
                    <field name="bill_amount" widget="monetary" options="{'currency_field': 'currency_id'}" invisible="1"/>
                    <!--<field name="invoice_id" />-->
                </xpath>
                <xpath expr="/form/sheet/notebook/page[@string='Journal Items']" position="replace" >
                    <page string="Journal Items" attrs="{'invisible': [('state','in',['draft','posted'])]}">
                        <group col="4">
                            <field name="period_id"/>
                            <field name="audit"/>
                        </group>
                        <field name="move_ids" readonly="1">
                            <tree string="Journal Items">
                                <field name="move_id"/>
                                <field name="ref"/>
                                <field name="date"/>
                                <field name="statement_id"/>
                                <field name="partner_id"/>
                                <field name="account_id"/>
                                <field name="name"/>
                                <field name="debit"/>
                                <field name="credit"/>
                                <field name="state"/>
                                <field name="reconcile_id"/>
                                <field name="amount_currency"/>
                                <field name="currency_id" groups="base.group_multi_currency"/>
                            </tree>
                        </field>
                    </page>
                </xpath>
            </field>
        </record>

        <record model="ir.ui.view" id="bahmni_view_voucher_tree_add_date_string">
            <field name="name">account.voucher.tree</field>
            <field name="model">account.voucher</field>
            <field name="inherit_id" ref="account_voucher.view_voucher_tree"/>
            <field name="arch" type="xml">
                <xpath expr="//field[@name='date']" position="after" >
                    <field name="date_string" invisible="1"/>
                </xpath>
            </field>
        </record>

        <record id="bahmni_view_voucher_filter_customer_pay_add_date_grouping" model="ir.ui.view">
            <field name="name">account.voucher.customer.pay.select</field>
            <field name="model">account.voucher</field>
            <field name="inherit_id" ref="account_voucher.view_voucher_filter_customer_pay"/>

            <field name="arch" type="xml">
                <xpath expr="//field[@name='date']" position="replace" >
                    <field name="date_string"/>
                </xpath>
                <xpath expr="//filter[@string='Status']" position="after" >
                    <filter string="Date" icon="terp-stock_effects-object-colorize" domain="[]" context="{'group_by':'date_string'}"/>
                </xpath>
            </field>
        </record>

    </data>
</openerp>