<?xml version="1.0" encoding="UTF-8"?>
<!-- vim:fdl=1:
-->
<templates id="template_some" xml:space="preserve">

<table t-name="ListView" class="oe_list_content">
    <t t-set="columns_count" t-value="visible_columns.length + 1 + (options.selectable ? 1 : 0) + (options.deletable ? 1 : 0)"/>
    <thead>
        <tr t-if="(!!options.action_buttons and !options.$buttons) or (!!options.pager and !options.$pager)">
            <th t-att-colspan="columns_count">
                <div class="oe_list_buttons"/>
                <div class="oe_list_sidebar"/>
                <div class="oe_list_pager"/>
            </th>
        </tr>
        <tr t-if="options.header" class="oe_list_header_columns">
            <!-- CHANGE_START -->
            <th>S.No.</th> 
            <!-- CHANGE_END -->

            <t t-foreach="columns" t-as="column">
                <th t-if="column.meta">
                    <t t-esc="column.string"/>
                </th>
            </t>
            <th t-if="options.selectable" width="1"  >
                <input type="checkbox" class="oe_list_record_selector"/>
            </th>
            <t t-foreach="columns" t-as="column">
                <th t-if="!column.meta and column.invisible !== '1'" t-att-data-id="column.id"
                    t-attf-class="oe_list_header_#{column.widget or column.type} #{((options.sortable and column.tag !== 'button') ? 'oe_sortable' : null)}"><div>
                    <t t-if="column.tag !== 'button'"><t t-esc="column.string"/></t>
                </div></th>
            </t>
            <th t-if="options.deletable" class="oe_list_record_delete" width="13px"/>
        </tr>
    </thead>
    <tfoot>
        <tr>
            <!-- CHANGE_START -->
            <td></td>
            <!-- CHANGE_END -->
            <td t-if="options.selectable"/>
            <td t-foreach="aggregate_columns" t-as="column" class="oe_list_footer oe_number"
                t-att-data-field="column.id" t-att-title="column.label">
            </td>
            <td t-if="options.deletable"/>
        </tr>
    </tfoot>
</table>

<t t-name="ListView.rows" t-foreach="records.length" t-as="index">
    <t t-call="ListView.row">
        <t t-set="record" t-value="records.at(index)"/>
        <!-- CHANGE_START -->
        <t t-set="rowIndex" t-value="index + 1"/>
        <!-- CHANGE_END -->
    </t>
</t>

<tr t-name="ListView.row"
        t-att-data-id="record.get('id')"
        t-att-style="view.style_for(record)">
    <t t-set="asData" t-value="record.toForm().data"/>
    <t t-foreach="columns" t-as="column">
        <td t-if="column.meta"> </td>
    </t>

    <!-- CHANGE_START -->
    <td><t t-esc="rowIndex"/></td>
    <!-- CHANGE_END -->

    <th t-if="options.selectable" class="oe_list_record_selector" width="1">
        <t t-set="checked" t-value="options.select_view_id == record.get('id') ? 'checked' : null"/>
        <input t-if="options.radio" type="radio" name="radiogroup" t-att-checked="checked"/>
        <input t-if="!options.radio" type="checkbox" name="radiogroup" t-att-checked="checked"/>
    </th>

    <t t-foreach="columns" t-as="column">
        <t t-set="number" t-value="column.type === 'integer' or column.type == 'float'"/>
        <t t-set="modifiers" t-value="column.modifiers_for(asData)"/>
        <td t-if="!column.meta and column.invisible !== '1'" t-att-title="column.help"
            t-attf-class="oe_list_field_cell oe_list_field_#{column.widget or column.type} #{number ? 'oe_number' : ''} #{column.tag === 'button' ? 'oe-button' : ''} #{modifiers.readonly ? 'oe_readonly' : ''} #{modifiers.required ? 'oe_required' : ''}"
            t-att-data-field="column.id"
            ><t t-raw="render_cell(record, column)"/></td>
    </t>
    <td t-if="options.deletable" class='oe_list_record_delete' width="13px">
        <button type="button" name="delete" class="oe_i">d</button>
    </td>
</tr>

<!-- No Change, but needed because extends ListView -->
<t t-name="One2Many.listview" t-extend="ListView">
    <t t-jquery="thead.ui-widget-header > tr:first">
        this.removeAttr('t-if');
    </t>

    <t t-jquery="td.oe-actions">
        this.removeAttr('t-if');
    </t>
    <t t-jquery="td.oe-actions" t-operation="prepend">
        <h3 class="oe_view_title"><t t-esc="fields_view.arch.attrs.string"/></h3>
    </t>
</t>

<!-- No Change, but need because extends ListView.row -->
<t t-extend="ListView.row">
    <!-- adds back padding to row being rendered after edition, if necessary
         (if not deletable add back padding), otherwise the row being added is
         missing columns
     -->
    <t t-jquery="&gt; :last" t-operation="after">
        <td t-if="edited and !options.deletable" class="oe-listview-padding"/>
    </t>
</t>
</templates>