<templates id="template" xml:space="preserve">

<div t-name="FormView.buttons" class="oe_form_buttons">
    <t t-if="widget.options.action_buttons !== false">
        <span class="oe_form_buttons_view">
            <!-- required for the bounce effect on button -->
            <div t-if="widget.is_action_enabled('edit')" style="display: inline-block;">
                <button type="button" class="oe_button oe_form_button_edit" accesskey="T">Edit</button>
            </div>
            <button t-if="widget.is_action_enabled('create')"
                type="button" class="oe_button oe_form_button_create" accesskey="C">Create</button>
        </span>
        <span class="oe_form_buttons_edit">
            <button type="button" class="oe_button oe_form_button_save oe_highlight" accesskey="S">Save</button>
            <span class="oe_fade">or</span>
            <a href="#" class="oe_bold oe_form_button_cancel" accesskey="D">Discard</a>
        </span>
    </t>
</div>

</templates>