<?xml version="1.0" encoding="utf-8"?>
<openerp>
    <data noupdate="1">

        <record model="product.category" id="product_category_consumables">
            <field name="name">Consumable</field>
            <field name="parent_id" search="[('name', '=', 'All products')]"></field>
        </record>

        <record model="product.category" id="product_category_chemicals">
            <field name="name">Chemical</field>
            <field name="parent_id" search="[('name', '=', 'All products')]"></field>
            <field name="property_stock_account_input_categ" search="[('name', '=', 'Stock Purchases')]"></field>
            <field name="property_stock_account_output_categ" search="[('name', '=', 'Stock Purchases')]"></field>
            <field name="property_stock_valuation_account_id" search="[('name', '=', 'Purchased Stock')]"></field>
        </record>

        <!--  All products > Saleable > Drugs -->
        <record model="product.category" id="product_category_reagents">
            <field name="name">Reagent</field>
            <field name="parent_id" search="[('name', '=', 'All products')]"></field>
            <field name="property_stock_account_input_categ" search="[('name', '=', 'Stock Purchases')]"></field>
            <field name="property_stock_account_output_categ" search="[('name', '=', 'Stock Purchases')]"></field>
            <field name="property_stock_valuation_account_id" search="[('name', '=', 'Purchased Stock')]"></field>
        </record>

        <record model="product.category" id="product_category_freezing">
            <field name="name">Freezing</field>
            <field name="parent_id" search="[('name', '=', 'All products')]"></field>
            <field name="property_stock_account_input_categ" search="[('name', '=', 'Stock Purchases')]"></field>
            <field name="property_stock_account_output_categ" search="[('name', '=', 'Stock Purchases')]"></field>
            <field name="property_stock_valuation_account_id" search="[('name', '=', 'Purchased Stock')]"></field>
        </record>

      </data>
</openerp>
