<?xml version="1.0" encoding="UTF-8"?>
<databaseChangeLog xmlns="http://www.liquibase.org/xml/ns/dbchangelog/1.9" xmlns:xsi="http://www.w3.org/2001/XMLSchema-instance" xsi:schemaLocation="http://www.liquibase.org/xml/ns/dbchangelog/1.9 http://www.liquibase.org/xml/ns/dbchangelog/dbchangelog-1.9.xsd">
	<changeSet author="pahill" id="1" context="CDIRetroCI" runOnChange="true" >
		<comment>Anti-retrovirus site definition</comment>
		<insert schemaName="clinlims" tableName="project">
			<column name="id" valueNumeric=" nextval( 'project_seq' ) " />
			<column name="name" value="Antiretroviral Study"/>
			<column name="display_key" value="project.ARVStudy.name" />
			<column name="description" value="Antiretroviral Treatment Study"/>
			<column name="program_code" value="LARV"/>
			<column name="is_active" value="Y" />
			<column name="lastupdated" valueDate=" now() " />
		</insert>
		
		<insert schemaName="clinlims" tableName="organization_type">
			<column name="id" valueNumeric=" nextval( 'organization_type_seq' ) " />
			<column name="short_name" value="ARV Service Loc" />
			<column name="description" value="Côte d'Ivoire ARV Study Service Locations" />
			<column name="name_display_key"  value="org_type.ARVSites.name" />
			<column name="lastupdated" valueDate=" now() " />
		</insert>
		
		<insert schemaName="clinlims" tableName="organization">
			<column name="id"         valueNumeric=" nextval( 'organization_seq' ) " />
			<column name="short_name" value="AG" />
			<column name="name"       value="ABENGOUROU" />
			<column name="lastupdated" valueDate=" now() " />
			<column name="mls_sentinel_lab_flag" value="N" />
			<column name="is_active" value="Y" />
		</insert>
		
		<insert schemaName="clinlims" tableName="organization_organization_type">
			<column name="org_id"        valueNumeric=" currval( 'organization_seq' ) " />
			<column name="org_type_id"   valueNumeric=" currval( 'organization_type_seq' ) " />
		</insert>
		
		<insert schemaName="clinlims" tableName="project_organization">
			<column name="org_id"        valueNumeric=" currval( 'organization_seq' ) " />
			<column name="project_id"    valueNumeric=" currval( 'project_seq' ) " />
		</insert>
		
		<insert schemaName="clinlims" tableName="organization">
			<column name="id"         valueNumeric=" nextval( 'organization_seq' ) " />
			<column name="short_name" value="CA" />
			<column name="name"       value="CAT ADJAME" />
			<column name="lastupdated" valueDate=" now() " />
			<column name="mls_sentinel_lab_flag" value="N" />
			<column name="is_active" value="Y" />
		</insert>
		
		<insert schemaName="clinlims" tableName="organization_organization_type">
			<column name="org_id"        valueNumeric=" currval( 'organization_seq' ) " />
			<column name="org_type_id"   valueNumeric=" currval( 'organization_type_seq' ) " />
		</insert>
		
		<insert schemaName="clinlims" tableName="project_organization">
			<column name="org_id"        valueNumeric=" currval( 'organization_seq' ) " />
			<column name="project_id"    valueNumeric=" currval( 'project_seq' ) " />
		</insert>
		
		<insert schemaName="clinlims" tableName="organization">
			<column name="id"         valueNumeric=" nextval( 'organization_seq' ) " />
			<column name="short_name" value="CI" />
			<column name="name"       value="CIRBA" />
			<column name="lastupdated" valueDate=" now() " />
			<column name="mls_sentinel_lab_flag" value="N" />
			<column name="is_active" value="Y" />
		</insert>
		
		<insert schemaName="clinlims" tableName="organization_organization_type">
			<column name="org_id"        valueNumeric=" currval( 'organization_seq' ) " />
			<column name="org_type_id"   valueNumeric=" currval( 'organization_type_seq' ) " />
		</insert>
		
		<insert schemaName="clinlims" tableName="project_organization">
			<column name="org_id"        valueNumeric=" currval( 'organization_seq' ) " />
			<column name="project_id"    valueNumeric=" currval( 'project_seq' ) " />
		</insert>
		
		<insert schemaName="clinlims" tableName="organization">
			<column name="id"         valueNumeric=" nextval( 'organization_seq' ) " />
			<column name="short_name" value="HD" />
			<column name="name"       value="HOPITAL GENERAL DE DANANE" />
			<column name="lastupdated" valueDate=" now() " />
			<column name="mls_sentinel_lab_flag" value="N" />
			<column name="is_active" value="Y" />
		</insert>
		
		<insert schemaName="clinlims" tableName="organization_organization_type">
			<column name="org_id"        valueNumeric=" currval( 'organization_seq' ) " />
			<column name="org_type_id"   valueNumeric=" currval( 'organization_type_seq' ) " />
		</insert>
		
		<insert schemaName="clinlims" tableName="project_organization">
			<column name="org_id"        valueNumeric=" currval( 'organization_seq' ) " />
			<column name="project_id"    valueNumeric=" currval( 'project_seq' ) " />
		</insert>
		
		<insert schemaName="clinlims" tableName="organization">
			<column name="id"         valueNumeric=" nextval( 'organization_seq' ) " />
			<column name="short_name" value="HM" />
			<column name="name"       value="HOPITAL MILITAIRE" />
			<column name="lastupdated" valueDate=" now() " />
			<column name="mls_sentinel_lab_flag" value="N" />
			<column name="is_active" value="Y" />
		</insert>
		
		<insert schemaName="clinlims" tableName="organization_organization_type">
			<column name="org_id"        valueNumeric=" currval( 'organization_seq' ) " />
			<column name="org_type_id"   valueNumeric=" currval( 'organization_type_seq' ) " />
		</insert>
		
		<insert schemaName="clinlims" tableName="project_organization">
			<column name="org_id"        valueNumeric=" currval( 'organization_seq' ) " />
			<column name="project_id"    valueNumeric=" currval( 'project_seq' ) " />
		</insert>
		
		<insert schemaName="clinlims" tableName="organization">
			<column name="id"         valueNumeric=" nextval( 'organization_seq' ) " />
			<column name="short_name" value="MI" />
			<column name="name"       value="MALADIES INFECTIEUSES" />
			<column name="lastupdated" valueDate=" now() " />
			<column name="mls_sentinel_lab_flag" value="N" />
			<column name="is_active" value="Y" />
		</insert>
		
		<insert schemaName="clinlims" tableName="organization_organization_type">
			<column name="org_id"        valueNumeric=" currval( 'organization_seq' ) " />
			<column name="org_type_id"   valueNumeric=" currval( 'organization_type_seq' ) " />
		</insert>
		
		<insert schemaName="clinlims" tableName="project_organization">
			<column name="org_id"        valueNumeric=" currval( 'organization_seq' ) " />
			<column name="project_id"    valueNumeric=" currval( 'project_seq' ) " />
		</insert>
		
		<insert schemaName="clinlims" tableName="organization">
			<column name="id"         valueNumeric=" nextval( 'organization_seq' ) " />
			<column name="short_name" value="PA" />
			<column name="name"       value="LA PIERRE ANGULAIRE" />
			<column name="lastupdated" valueDate=" now() " />
			<column name="mls_sentinel_lab_flag" value="N" />
			<column name="is_active" value="Y" />
		</insert>
		
		<insert schemaName="clinlims" tableName="organization_organization_type">
			<column name="org_id"        valueNumeric=" currval( 'organization_seq' ) " />
			<column name="org_type_id"   valueNumeric=" currval( 'organization_type_seq' ) " />
		</insert>
		
		<insert schemaName="clinlims" tableName="project_organization">
			<column name="org_id"        valueNumeric=" currval( 'organization_seq' ) " />
			<column name="project_id"    valueNumeric=" currval( 'project_seq' ) " />
		</insert>
		
		<insert schemaName="clinlims" tableName="organization">
			<column name="id"         valueNumeric=" nextval( 'organization_seq' ) " />
			<column name="short_name" value="PC" />
			<column name="name"       value="PPH CHU COCODY" />
			<column name="lastupdated" valueDate=" now() " />
			<column name="mls_sentinel_lab_flag" value="N" />
			<column name="is_active" value="Y" />
		</insert>
		
		<insert schemaName="clinlims" tableName="organization_organization_type">
			<column name="org_id"        valueNumeric=" currval( 'organization_seq' ) " />
			<column name="org_type_id"   valueNumeric=" currval( 'organization_type_seq' ) " />
		</insert>
		
		<insert schemaName="clinlims" tableName="project_organization">
			<column name="org_id"        valueNumeric=" currval( 'organization_seq' ) " />
			<column name="project_id"    valueNumeric=" currval( 'project_seq' ) " />
		</insert>
		
		<insert schemaName="clinlims" tableName="organization">
			<column name="id"         valueNumeric=" nextval( 'organization_seq' ) " />
			<column name="short_name" value="PY" />
			<column name="name"       value="PEDIATRIE CHU YOPOUGON" />
			<column name="lastupdated" valueDate=" now() " />
			<column name="mls_sentinel_lab_flag" value="N" />
			<column name="is_active" value="Y" />
		</insert>
		
		<insert schemaName="clinlims" tableName="organization_organization_type">
			<column name="org_id"        valueNumeric=" currval( 'organization_seq' ) " />
			<column name="org_type_id"   valueNumeric=" currval( 'organization_type_seq' ) " />
		</insert>
		
		<insert schemaName="clinlims" tableName="project_organization">
			<column name="org_id"        valueNumeric=" currval( 'organization_seq' ) " />
			<column name="project_id"    valueNumeric=" currval( 'project_seq' ) " />
		</insert>
		
		<insert schemaName="clinlims" tableName="organization">
			<column name="id"         valueNumeric=" nextval( 'organization_seq' ) " />
			<column name="short_name" value="UE" />
			<column name="name"       value="AMBASSADE DES USA" />
			<column name="lastupdated" valueDate=" now() " />
			<column name="mls_sentinel_lab_flag" value="N" />
			<column name="is_active" value="Y" />
		</insert>
		
		<insert schemaName="clinlims" tableName="organization_organization_type">
			<column name="org_id"        valueNumeric=" currval( 'organization_seq' ) " />
			<column name="org_type_id"   valueNumeric=" currval( 'organization_type_seq' ) " />
		</insert>
		
		<insert schemaName="clinlims" tableName="project_organization">
			<column name="org_id"        valueNumeric=" currval( 'organization_seq' ) " />
			<column name="project_id"    valueNumeric=" currval( 'project_seq' ) " />
		</insert>
		
		<insert schemaName="clinlims" tableName="organization">
			<column name="id"         valueNumeric=" nextval( 'organization_seq' ) " />
			<column name="short_name" value="UM" />
			<column name="name"       value="CENTRE EXPERENCE" />
			<column name="lastupdated" valueDate=" now() " />
			<column name="mls_sentinel_lab_flag" value="N" />
			<column name="is_active" value="Y" />
		</insert>
		
		<insert schemaName="clinlims" tableName="organization_organization_type">
			<column name="org_id"        valueNumeric=" currval( 'organization_seq' ) " />
			<column name="org_type_id"   valueNumeric=" currval( 'organization_type_seq' ) " />
		</insert>
		
		<insert schemaName="clinlims" tableName="project_organization">
			<column name="org_id"        valueNumeric=" currval( 'organization_seq' ) " />
			<column name="project_id"    valueNumeric=" currval( 'project_seq' ) " />
		</insert>
		
		<insert schemaName="clinlims" tableName="organization">
			<column name="id"         valueNumeric=" nextval( 'organization_seq' ) " />
			<column name="short_name" value="US" />
			<column name="name"       value="USAC" />
			<column name="lastupdated" valueDate=" now() " />
			<column name="mls_sentinel_lab_flag" value="N" />
			<column name="is_active" value="Y" />
		</insert>
		
		<insert schemaName="clinlims" tableName="organization_organization_type">
			<column name="org_id"        valueNumeric=" currval( 'organization_seq' ) " />
			<column name="org_type_id"   valueNumeric=" currval( 'organization_type_seq' ) " />
		</insert>
		
		<insert schemaName="clinlims" tableName="project_organization">
			<column name="org_id"        valueNumeric=" currval( 'organization_seq' ) " />
			<column name="project_id"    valueNumeric=" currval( 'project_seq' ) " />
		</insert>
		
	</changeSet>
</databaseChangeLog>
