<?xml version="1.0" encoding="UTF-8"?>
<databaseChangeLog xmlns="http://www.liquibase.org/xml/ns/dbchangelog/1.9"
	xmlns:xsi="http://www.w3.org/2001/XMLSchema-instance"
	xsi:schemaLocation="http://www.liquibase.org/xml/ns/dbchangelog/1.9 http://www.liquibase.org/xml/ns/dbchangelog/dbchangelog-1.9.xsd">


	<changeSet author="paulsc" id="8" context="ciLNSP">
		<comment>Adds needed dictionary values</comment>
		<sqlFile path="OE2.7/CILNSPMassive/MassiveDictionary.sql"/>
	</changeSet>
	
	<changeSet author="paulsc" id="9" context="ciLNSP">
		<comment>Adds needed uom values</comment>
		<sqlFile path="OE2.7/CILNSPMassive/MassiveUOM.sql"/>
	</changeSet>

	<changeSet author="paulsc" id="14" context="ciLNSP">
		<comment>Deletes all data needed to do a clean install</comment>
		<sqlFile path="OE2.7/CILNSPMassive/cleanData.sql" />
	</changeSet>

	
	<changeSet author="paulsc" id="1" context="ciLNSP">
		<comment>adds in the new panels</comment>
		<sql>alter table clinlims.panel_item alter column test_id set not null</sql>
		<sqlFile path="OE2.7/CILNSPMassive/MassivePanel.sql" />
	</changeSet>

	<changeSet author="paulsc" id="2" context="ciLNSP">
		<comment>add the new sample types</comment>
		<sqlFile path="OE2.7/CILNSPMassive/MassiveSampleType.sql" />
		<sqlFile path="OE2.7/CILNSPMassive/MassiveTypeOrder.sql" />
	</changeSet>



	<changeSet author="paulsc" id="3" context="ciLNSP">
		<comment>Associates new and existing sample types with new and existing panels</comment>
		<sqlFile path="OE2.7/CILNSPMassive/MassiveSampleTypePanel.sql" />
	</changeSet>

	<changeSet author="paulsc" id="4" context="ciLNSP">
		<comment>Order test sections</comment>
		<sqlFile path="OE2.7/CILNSPMassive/MassiveSectionOrder.sql" />
	</changeSet>

	<changeSet author="paulsc" id="5" context="ciLNSP">
		<comment>adds tests</comment>
		<sqlFile path="OE2.7/CILNSPMassive/MassiveTest.sql" />
	</changeSet>
	
	<changeSet author="paulsc" id="6" context="ciLNSP">
		<comment>Add tests to panels</comment>
		<loadData tableName="panel_item" schemaName="clinlims"
			file="OE2.7/CILNSPMassive/MassiveTestPanel.csv">
			<column name="id" header="id" type="NUMERIC" />
			<column name="panel_id" header="panel_id" type="NUMERIC" />
			<column name="test_id" header="test_id" type="NUMERIC" />
			<column name="sort_order" header="sort_order" type="NUMERIC" />
			<column name="lastupdated" header="lastupdated" type="DATE" />
		</loadData>
	</changeSet>

	<changeSet author="paulsc" id="7" context="ciLNSP">
		<comment>Add tests to sample types</comment>
		<sqlFile path="OE2.7/CILNSPMassive/MassiveTestSampleTypes.sql" />
	</changeSet>

	<changeSet author="paulsc" id="10" context="ciLNSP">
		<comment>Adds to test_result table</comment>
		<sqlFile path="OE2.7/CILNSPMassive/MassiveTestResults.sql"/>
	</changeSet>
	<changeSet author="paulsc" id="11" context="ciLNSP">
		<comment>Adds result limits to test</comment>
		<sqlFile path="OE2.7/CILNSPMassive/MassiveResultLimits.sql"/>
	</changeSet>
	<changeSet author="paulsc" id="12" context="ciLNSP" >
		<comment>Adds dictionary result limits to tests</comment>
		<sqlFile path="OE2.7/CILNSPMassive/MassiveDictResultLimits.sql"/>
	</changeSet>
	<changeSet author="paulsc" id="15" context="ciLNSP" >
		<comment>Adds lab order type bindings and test codes</comment>
		<sqlFile path="OE2.7/CILNSPMassive/orderTypeResult.sql"/>
		<sqlFile path="OE2.7/CILNSPMassive/testCodeResult.sql"/>
	</changeSet>
	

</databaseChangeLog>

