<?xml version="1.0" encoding="UTF-8"?>

<openerp>
    <data>
        <record id="purchase_order_form_extension" model="ir.ui.view">
            <field name="name">purchase.order.form</field>
            <field name="model">purchase.order</field>
            <field name="inherit_id" ref="purchase.purchase_order_form"/>
            <field name="arch" type="xml">
                <xpath expr="/form/sheet//group//field[@name='warehouse_id']" position="replace">
                </xpath>
                <xpath expr="/form/sheet//group//field[@name='partner_id']" position="after">
                     <field name="warehouse_id" on_change="onchange_warehouse_id(warehouse_id)" widget="selection" groups="stock.group_locations"/>
                </xpath>
                <xpath expr="/form/sheet/notebook/page[@string='Purchase Order']//field[@name='order_line']/tree//field[@name='name']" position="before">
                    <field name="manufacturer"/>
                </xpath>
                <xpath expr="/form/sheet/notebook/page[@string='Purchase Order']//field[@name='order_line']/tree//field[@name='price_unit']" position="after">
                    <field name="mrp" on_change="onchange_mrp(parent.partner_id, product_id, product_qty, product_uom, mrp)"/>
                </xpath>
                <xpath expr="/form/sheet/notebook/page[@string='Purchase Order']//field[@name='order_line']/tree//field[@name='product_qty']" position="replace">
                    <field name="product_qty" on_change="onchange_quantity(product_qty)"/>
                </xpath>
                <xpath expr="/form/sheet/notebook/page[@string='Purchase Order']//field[@name='order_line']/tree//field[@name='product_uom']" position="replace">
                    <field name="product_uom" on_change="onchange_product_uom(product_uom)"/>
                </xpath>
                <xpath expr="/form/sheet/notebook/page[@string='Purchase Order']//field[@name='order_line']/tree//field[@name='name']" position="attributes">
                    <attribute name="invisible">1</attribute>
                </xpath>
                <xpath expr="/form/sheet/notebook/page[@string='Purchase Order']//field[@name='order_line']/tree//field[@name='product_uom']" position="attributes">
                    <attribute name="string">Unit</attribute>
                </xpath>
                <xpath expr="/form/sheet/notebook/page[@string='Purchase Order']//button[@string='(update)']" position="attributes">
                    <attribute name="accesskey">U</attribute>
                </xpath>
            </field>
        </record>


        <record id="purchase_order_line_tree_extention" model="ir.ui.view">
            <field name="name">purchase.order.line.tree</field>
            <field name="model">purchase.order.line</field>
            <field name="inherit_id" ref="purchase.purchase_order_line_tree"/>
            <field name="arch" type="xml">
                <xpath expr="/tree/field[@name='price_subtotal']" position="attributes">
                    <attribute name="sum">Grand Total</attribute>
                </xpath>
            </field>
        </record>

    </data>
</openerp>