<?xml version="1.0" encoding="UTF-8"?>
<openerp>
    <data>
        <record id="sale_form_add_village" model="ir.ui.view">
            <field name="name">sale.order.tree</field>
            <field name="model">sale.order</field>
            <field name="inherit_id" ref="sale.view_quotation_tree"/>

            <field name="arch" type="xml">
                <xpath expr="/tree/field[@name='partner_id']" position="after" >
                    <field name="partner_village"/>
                </xpath>
                <xpath expr="/tree/field[@name='partner_village']" position="before" >
                    <field name="dispensed_location"/>
                </xpath>
                <xpath expr="/tree/field[@name='amount_total']" position="after" >
                    <field name="total_outstanding"/>
                </xpath>
                <xpath expr="/tree/field[@name='total_outstanding']" position="after" >
                    <field name="provider_name"/>
                </xpath>
                <xpath expr="/tree/field[@name='provider_name']" position="after" >
                    <field name="discount_acc_id"/>
                </xpath>
                <xpath expr="/tree/field[@name='discount_acc_id']" position="after" >
                    <field name="care_setting"/>
                </xpath>
            </field>
        </record>
    </data>
</openerp>
