<?xml version="1.0" encoding="UTF-8"?>

<openerp>
    <data>
        <record id="view_company_form_add_dhis2_code" model="ir.ui.view">
            <field name="name">res.company.form</field>
            <field name="model">res.company</field>
            <field name="type">form</field>
            <field name="inherit_id" ref="base.view_company_form"/>
            <field name="arch" type="xml">
                <xpath expr="/form/sheet//field[@name='name']/.." position="after" >
                    <label for="dhis2_code" class="oe_edit_only"/>
                    <h2><field name="dhis2_code" /></h2>
                </xpath>
            </field>
        </record>

        <record id="view_company_tree_add_dhis2_code" model="ir.ui.view">
            <field name="name">res.company.tree</field>
            <field name="model">res.company</field>
            <field name="type">tree</field>
            <field name="inherit_id" ref="base.view_company_tree"/>
            <field name="arch" type="xml">
                <xpath expr="/tree//field[@name='name']" position="after" >
                    <field name="dhis2_code" />
                </xpath>
            </field>
        </record>
    </data>
</openerp>