<?xml version="1.0" encoding="utf-8"?>
<openerp>
    <data>
        <record id="view_bahmni_sale_config" model="ir.ui.view">
            <field name="name">bahmni_sale_config</field>
            <field name="model">sale.config.settings</field>
            <field name="inherit_id" ref="base_setup.view_sale_config_settings"/>
            <field name="arch" type="xml">
                <div name="Sale Features" position="inside">
                    <div>
                        <field name="group_final_so_charge" class="oe_inline"/>
                        <label for="group_final_so_charge"/>
                    </div>
                    <div>
                        <field name="group_default_quantity" class="oe_inline"/>
                        <label for="group_default_quantity"/>
                    </div>
                    <div>
                        <field name="round_off_by" class="oe_inline"/>
                        <label for="round_off_by"/>
                    </div>
                </div>
            </field>
        </record>
    </data>
</openerp>