<?xml version="1.0" encoding="utf-8"?>
<openerp>
    <data>
        <record model="ir.filters" id="sale_order_of_last_week">
            <field name="name">Reports for last week</field>
            <field name="model_id">sale.order</field>
            <field name="user_id"></field>
            <field name="domain">
                [
                ['date_order', '&gt;', (context_today() - datetime.timedelta(8)).strftime('%Y-%m-%d')],
                ['date_order', '&lt;', (context_today()).strftime('%Y-%m-%d')]
                ]
            </field>
        </record>
        <record model="ir.filters" id="sale_order_of_last_month">
   <field name="name">Reports for last month</field>
            <field name="model_id">sale.order</field>
            <field name="user_id"></field>
            <field name="domain">
                [
                ['date_order', '&gt;', (context_today() - datetime.timedelta((datetime.date(datetime.datetime.now().year, datetime.datetime.now().month, 1) - datetime.timedelta (days = 1)).day + 1)).strftime('%Y-%m-%d')],
                ['date_order', '&lt;', (context_today()).strftime('%Y-%m-%d')]
                ]
            </field>
        </record>
    </data>
</openerp>
