<?xml version="1.0" encoding="UTF-8"?>
<openerp>
    <data>
        <record id="sale_form_add_batch_price" model="ir.ui.view">
            <field name="name">sale.order.form</field>
            <field name="model">sale.order</field>
            <field name="type">form</field>
            <field name="inherit_id" ref="sale.view_order_form"/>

            <field name="arch" type="xml">

                <xpath expr="/form/header/button[@string='Create Invoice']" position="replace" >
                    <button name="action_invoice_create" string="Create Invoice"
                            states="manual" class="oe_highlight" type="object" groups="base.group_user"/>
                </xpath>

                <page string="Other Information" groups="base.group_user" position="attributes" >
                    <attribute name="invisible">1</attribute>
                </page>

                <xpath expr="/form/sheet/notebook/page[@string='Other Information']" position="attributes" >
                    <attribute name="invisible">1</attribute>
                </xpath>

                <field name="client_order_ref" position="replace">
                    <field name="partner_village"/>
                </field>

                <field name="partner_id" position="after">
                    <field name="care_setting"/>
                </field>

                <field name="care_setting" position="after">
                    <field name="provider_name"/>
                </field>


                <button name="action_quotation_send" string="Send by Email" type="object" position="attributes" >
                    <attribute name="invisible">1</attribute>/>
                </button>

                <button name="print_quotation" string="Print" type="object" states="draft" class="oe_highlight" groups="base.group_user" position="attributes">
                    <attribute name="invisible">1</attribute>/>
                </button>

                <xpath expr="/form/sheet/notebook/page/group[@name='sale_total']" position="replace" >
                    <group class="oe_subtotal_footer oe_right" colspan="2" name="sale_total">
                        <field name="amount_untaxed" widget='monetary' options="{'currency_field': 'currency_id'}"/>
                        <field  name="discount_acc_id"
                            accesskey="A"
                            string="Discount Account Head"
                            attrs="{'required':['|', ('discount_percentage','>','0'), ('calculated_discount', '>', '0')]}"/>
                        <field  name="discount_percentage"/>
                        <field  name="discount_amount" invisible="True"/>
                        <field  name="calculated_discount" />
                        <field  name="amount_tax"/>
                        <field  name="round_off" readonly="1"/>
                        <field  name="discount" invisible="True" />
                        <field  name="chargeable_amount" groups="bahmni_sale_discount.group_final_so_charge" accesskey="F"/>
                        <field  name="default_quantity" groups="bahmni_sale_discount.group_default_quantity"/>
                        <div class="oe_subtotal_footer_separator oe_inline">
                            <label for="amount_total" />
                            <button name="button_dummy"
                                    states="draft,sent" string="(update)" type="object" class="oe_edit_only oe_link"
                                    accesskey="U"/>
                        </div>
                        <field name="amount_total"  nolabel="1" class="oe_subtotal_footer_separator" widget='monetary' options="{'currency_field': 'currency_id'}"/>
                        <field name="prev_amount_outstanding"  attrs="{'invisible':['|',('state', '!=', 'draft')]}" widget='monetary' options="{'currency_field': 'currency_id'}"/>
                        <field name="total_outstanding"  class="oe_subtotal_footer_separator" attrs="{'invisible':['|',('state', '!=', 'draft')]}" widget='monetary' options="{'currency_field': 'currency_id'}"/>
                    </group>
                </xpath>
            </field>
        </record>
    </data>
</openerp>