<?xml version="1.0" encoding="utf-8"?>
<openerp>
    <data>
        <record id="sale_order_form_datetime_order" model="ir.ui.view">
            <field name="name">sale.order.form</field>
            <field name="model">sale.order</field>
            <field name="type">form</field>
            <field name="inherit_id" ref="sale.view_order_form"/>

            <field name="arch" type="xml">
                <xpath expr="/form/header/button[@name='invoice_cancel']" position="after">
                    <field name="state" widget="link-prescription"/>
                </xpath>

                <xpath expr="//field[@name='partner_id']" position="after">
                    <field name="partner_uuid" invisible="1"/>
                </xpath>

                <xpath expr="//field[@name='date_order']" position="after">
                    <field name="datetime_order" />
                </xpath>
                <xpath expr="//field[@name='date_order']" position="replace">
                    <field name="date_order" invisible="1" />
                </xpath>
            </field>
        </record>
    </data>
</openerp>