<?xml version="1.0" ?>
<openerp>
    <data>
        <record model="ir.ui.view" id="view_move_form_expiry">
            <field name="name">stock.production.lot.form</field>
            <field name="model">stock.production.lot</field>
            <field name="inherit_id" ref="stock.view_production_lot_form" />
            <field name="arch" type="xml">
                <field name="date" position="after">
                    <field name="cost_price" />
                    <field name="sale_price" />
                    <field name="mrp" />
                    <separator colspan="3" />
                </field>
            </field>
        </record>
    </data>
</openerp>
