<?xml version="1.0" encoding="UTF-8"?>
<openerp>
<data>
    <record id="sale_form_remove_description_and_tax" model="ir.ui.view">
        <field name="name">sale.order.form</field>
        <field name="model">sale.order</field>
        <field name="type">form</field>
        <field name="inherit_id" ref="sale.view_order_form"/>

        <field name="arch" type="xml">
            <xpath expr="/form/sheet/notebook/page/field[@name='order_line']/tree/field[@name='name']" position="attributes" >
                <attribute name="invisible">1</attribute>
            </xpath>
            <xpath expr="/form/sheet/notebook/page/field[@name='order_line']/tree/field[@name='product_uom_qty']" position="before" >
                <field name="comments"/>
            </xpath>
            <xpath expr="/form/sheet/notebook/page/field[@name='order_line']/tree/field[@name='product_uom']" position="replace" >
                <field name="product_uom" groups="product.group_uom" class="oe_inline oe_no_button" string="Unit"
                    context="{'partner_id':parent.partner_id, 'quantity':product_uom_qty, 'pricelist':parent.pricelist_id, 'shop':parent.shop_id, 'uom':product_uom}"
                    on_change="product_uom_change(parent.pricelist_id,product_id,product_uom_qty,product_uom,product_uos_qty,product_uos,name,parent.partner_id, False, False, parent.date_order, context)"/>
            </xpath>
            <xpath expr="/form/sheet/notebook/page/field/tree/field" position="after" >
                <field name="flag_in_stock" invisible="1"></field>
            </xpath>
            <xpath expr="/form/sheet/notebook/page/field/tree" position="attributes" >
                <attribute name="colors">red:(flag_in_stock==False)</attribute>
            </xpath>
        </field>
    </record>
</data>
</openerp>


