<?xml version="1.0" encoding="UTF-8"?>
<openerp>
    <data>
        <record id="sale_form_add_batch_price" model="ir.ui.view">
            <field name="name">sale.order.form</field>
            <field name="model">sale.order</field>
            <field name="type">form</field>
            <field name="inherit_id" ref="sale.view_order_form"/>

            <field name="arch" type="xml">
                <xpath expr="/form/sheet/notebook/page/field[@name='order_line']/tree/field[@name='price_unit']" position="after" >
                    <field name="batch_name" invisible="True"/>
                    <field name="expiry_date" readonly="0"/>
                    <field name="batch_id" domain="[('product_id','=',product_id)]"
                           on_change="batch_id_change(batch_id,product_id,context)"/>
                </xpath>
            </field>
        </record>
    </data>
</openerp>