<?xml version="1.0" encoding="UTF-8"?>
<openerp>
    <data>
        <record id="sale_form_show_partner_reference" model="ir.ui.view">
            <field name="name">sale.order.form</field>
            <field name="model">sale.order</field>
            <field name="type">form</field>
            <field name="inherit_id" ref="sale.view_order_form"/>

            <field name="arch" type="xml">
                <xpath expr="/form/sheet/group/group/field[@name='partner_id']" position="replace" >
                    <field name="partner_id" on_change="onchange_partner_id(partner_id, context)" domain="[('customer','=',True)]" context="{'search_default_customer':1}" options='{"always_reload": True}'/> <!-- removing show_address from the context  -->
                </xpath>
            </field>
        </record>
    </data>
</openerp>