<openerp>
    <data>
        <record id="warning_form" model="ir.ui.view">
            <field name="name">warning.form</field>
            <field name="model">warning</field>
            <field eval="20" name="priority"/>
            <field name="arch" type="xml">
                <form string="Warning" version="7.0">
                    <field name="message"  nolabel="1" />
                    <footer>
                        <button string="OK" class="oe_highlight" special="cancel" />
                    </footer>
                </form>
            </field>
        </record>

        <record model="ir.actions.act_window" id="action_warning">
            <field name="name">Warning</field>
            <field name="res_model">warning</field>
            <field name="view_type">form</field>
            <field name="view_mode">form</field>
            <field name="view_id" ref="warning_form" />
            <field name="target">new</field>
        </record>
    </data>
</openerp>