<?xml version="1.0" encoding="utf-8"?>
<openerp>
    <data>
        <record id="stock_product_lot_extended_tree_view" model="ir.ui.view">
            <field name="name">prodlots.report.tree</field>
            <field name="model">prodlots.report</field>
            <field eval="7" name="priority"/>
            <field name="arch" type="xml">

                <tree  string="Product Lots" colors="red:qty&lt;=reorder_level">
                    <field name="prodlot_id" />
                    <field name="product_id"/>
                    <field name="reorder_level"/>
                    <field name="life_date"/>
                    <field name="location_id"/>
                    <field name="qty" />
                    <field name="unit_id" />
                    <field name="category"/>
                    <field name="list_price"/>
                    <field name="value"/>
                </tree>
            </field>
        </record>

        <record id="view_stock_product_lot_extended_filter" model="ir.ui.view">
            <field name="name">prodlots.report.filter</field>
            <field name="model">prodlots.report</field>
            <field name="arch" type="xml">
                <search string="Search Prodlots">
                    <field name="location_id"/>
                    <field name="product_id"/>
                    <field name="prodlot_id"/>
                </search>
            </field>
        </record>
    </data>
</openerp>
