<?xml version="1.0" encoding="UTF-8"?>
<databaseChangeLog
    xmlns="http://www.liquibase.org/xml/ns/dbchangelog/1.9"
    xmlns:xsi="http://www.w3.org/2001/XMLSchema-instance"
    xsi:schemaLocation="http://www.liquibase.org/xml/ns/dbchangelog/1.9 http://www.liquibase.org/xml/ns/dbchangelog/dbchangelog-1.9.xsd">
    <!--Add change tags here-->
    <!-- Data specific to CDIRetroCI  -->    
  	<changeSet author="paulsc" id="1" context="CDIRetroCI">
		<comment>De activates the un-used tests for the ELISA algorithm</comment>
		<update tableName="test" >
			<column name="is_active" value="N" />
			<where>name in ( 'Bioline','p24 Ag','Western Blot 2','Western Blot 1','Genie II 10','Genie II 100','Genie II' ) </where>
		</update>
     </changeSet>
     <changeSet author="paulsc" id="2" context="CDIRetroCI">
     	<comment>Add Innolia as test and dictionary values for test results</comment>
     	<insert tableName="test">
			<column name="id" valueNumeric=" nextval( 'test_seq' ) "/>
			<column name="description" value="Innolia" />     		
			<column name="reporting_description" value="Innolia" />     		
			<column name="local_abbrev" value="Innolia" />     		
			<column name="name" value="Innolia" />     		
			<column name="display_key" value="test.Innolia" />
			<column name="is_active" value="Y"/>
			<column name="is_reportable" value="N"/>
			<column name="lastupdated" valueDate=" now() " />
			<column name="sort_order" valueNumeric="40" />
			<column name="test_section_id" valueNumeric=" (select id from clinlims.test_section where name = 'Serology') " />     					
     	</insert>
     	<sql>
     	INSERT INTO clinlims.test_result( id, test_id, result_group,tst_rslt_type, "value", lastupdated )
    							 VALUES ( nextval( 'test_result_seq' ) , (select id from clinlims.test where name = 'Innolia' ),
    							 20 , 'D', cast( ( select id from clinlims.dictionary where dict_entry = 'HIV1' and dictionary_category_id = ( select id from clinlims.dictionary_category where name = 'HIVResult') ) as varchar ),  now() ); 
        INSERT INTO clinlims.test_result( id, test_id, result_group,tst_rslt_type, "value", lastupdated )
    							 VALUES ( nextval( 'test_result_seq' ) , (select id from clinlims.test where name = 'Innolia' ),
    							 20 , 'D', cast( ( select id from clinlims.dictionary where dict_entry = 'HIV2' and dictionary_category_id = ( select id from clinlims.dictionary_category where name = 'HIVResult') ) as varchar ),  now() ); 
        INSERT INTO clinlims.test_result( id, test_id, result_group,tst_rslt_type, "value", lastupdated )
    							 VALUES ( nextval( 'test_result_seq' ) , (select id from clinlims.test where name = 'Innolia' ),
    							 20 , 'D', cast( ( select id from clinlims.dictionary where dict_entry = 'HIVD' and dictionary_category_id = ( select id from clinlims.dictionary_category where name = 'HIVResult') ) as varchar ),  now() ); 
        INSERT INTO clinlims.test_result( id, test_id, result_group,tst_rslt_type, "value", lastupdated )
    							 VALUES ( nextval( 'test_result_seq' ) , (select id from clinlims.test where name = 'Innolia' ),
    							 20 , 'D', cast( ( select id from clinlims.dictionary where dict_entry = 'Negative' and dictionary_category_id = ( select id from clinlims.dictionary_category where name = 'HIVResult') ) as varchar ),  now() ); 
        INSERT INTO clinlims.test_result( id, test_id, result_group,tst_rslt_type, "value", lastupdated )
    							 VALUES ( nextval( 'test_result_seq' ) , (select id from clinlims.test where name = 'Innolia' ),
    							 20 , 'D', cast( ( select id from clinlims.dictionary where dict_entry = 'Indeterminate' and dictionary_category_id = ( select id from clinlims.dictionary_category where name = 'HIVResult') ) as varchar ),  now() ); 
        INSERT INTO clinlims.test_result( id, test_id, result_group,tst_rslt_type, "value", lastupdated )
    							 VALUES ( nextval( 'test_result_seq' ) , (select id from clinlims.test where name = 'Innolia' ),
    							 20 , 'D', cast( ( select id from clinlims.dictionary where dict_entry = 'Invalid' and dictionary_category_id = ( select id from clinlims.dictionary_category where name = 'HIVResult') ) as varchar ),  now() ); 
         </sql>
	     <insert tableName="analyte" schemaName="clinlims" >
			<column name="id" valueNumeric=" nextval( 'analyte_seq' ) " />
			<column name="name" value="Innolia Results" />
			<column name="is_active" value="Y" />
			<column name="lastupdated" valueDate=" now() " />		
		</insert>
		<insert tableName="test_analyte" schemaName="clinlims" >
			<column name="id" valueNumeric=" nextval( 'test_analyte_seq' ) " />		
			<column name="test_id" valueNumeric=" ( select id from clinlims.test where name = 'Innolia') " />
			<column name="analyte_id" valueNumeric=" ( select id from clinlims.analyte where name = 'Innolia Results' ) " />
			<column name="result_group" valueNumeric="14" />
			<column name="sort_order" valueNumeric="1" />	
			<column name="lastupdated" valueDate=" now() " />	
		</insert>
		<insert tableName="sampletype_test" schemaName="clinlims">
			<column name="id" valueNumeric=" nextval( 'sample_type_test_seq' ) "/>
			<column name="sample_type_id" valueNumeric=" (select id from clinlims.type_of_sample where description = 'Dry Tube' ) " />
			<column name="test_id" valueNumeric=" (select id from clinlims.test where name = 'Innolia' ) " />
		</insert>
     </changeSet>
     
     <changeSet author="paulsc" id="3" context="CDIRetroCI">
     	<comment>Remove unused reflexes and add those for Innolia</comment>
     	<update tableName="test_reflex">
     		<column name="add_test_id" valueNumeric=" (select id from clinlims.test where name = 'Innolia' ) " />
     		<where>add_test_id = (select id from clinlims.test where name = 'Genie II') </where>
     	</update>
     	<delete tableName="test_reflex">
     		<where>test_id in (select id from clinlims.test where name in ('Bioline','p24 Ag','Western Blot 2','Western Blot 1','Genie II 10','Genie II 100','Genie II' )) OR 
     		       add_test_id in (select id from clinlims.test where name in ('Bioline','p24 Ag','Western Blot 2','Western Blot 1','Genie II 10','Genie II 100','Genie II' ))</where>
     	</delete>     	
     	<insert schemaName="clinlims" tableName="test_reflex">
           		<column name="id" valueNumeric=" nextval( 'test_reflex_seq' ) "/>  
           		<column name="test_id" valueNumeric=" ( select id from clinlims.test where name = 'Innolia' ) "/>
           		<column name="tst_rslt_id" valueNumeric=" ( select id from clinlims.test_result  where test_id = ( select id from clinlims.test  where name ='Innolia' ) and cast ( value as numeric) in ( select id from clinlims.dictionary where dict_entry = 'HIV1' )) "/>
           		<column name="test_analyte_id" valueNumeric=" ( select id from clinlims.test_analyte where analyte_id = ( select id from clinlims.analyte where name = 'Innolia Results' )) "/>
           		<column name="scriptlet_id" valueNumeric=" ( select id from clinlims.scriptlet where name = 'HIV Status HIV 1' ) " />
           		<column name="lastupdated" valueDate='now()' /> 
		</insert>
		<insert schemaName="clinlims" tableName="test_reflex">
           		<column name="id" valueNumeric=" nextval( 'test_reflex_seq' ) "/>  
           		<column name="test_id" valueNumeric=" ( select id from clinlims.test where name = 'Innolia' ) "/>
           		<column name="tst_rslt_id" valueNumeric=" ( select id from clinlims.test_result  where test_id = ( select id from clinlims.test  where name ='Innolia' ) and cast ( value as numeric) in ( select id from clinlims.dictionary where dict_entry = 'HIV2' )) "/>
           		<column name="test_analyte_id" valueNumeric=" ( select id from clinlims.test_analyte where analyte_id = ( select id from clinlims.analyte where name = 'Innolia Results' )) "/>
           		<column name="scriptlet_id" valueNumeric=" ( select id from clinlims.scriptlet where name = 'HIV Status HIV 2' ) " />
           		<column name="lastupdated" valueDate='now()' /> 
		</insert>
		<insert schemaName="clinlims" tableName="test_reflex">
           		<column name="id" valueNumeric=" nextval( 'test_reflex_seq' ) "/>  
           		<column name="test_id" valueNumeric=" ( select id from clinlims.test where name = 'Innolia' ) "/>
           		<column name="tst_rslt_id" valueNumeric=" ( select id from clinlims.test_result  where test_id = ( select id from clinlims.test  where name ='Innolia' ) and cast ( value as numeric) in ( select id from clinlims.dictionary where dict_entry = 'HIVD' )) "/>
           		<column name="test_analyte_id" valueNumeric=" ( select id from clinlims.test_analyte where analyte_id = ( select id from clinlims.analyte where name = 'Innolia Results' )) "/>
           		<column name="scriptlet_id" valueNumeric=" ( select id from clinlims.scriptlet where name = 'HIV Status HIV D' ) " />
           		<column name="lastupdated" valueDate='now()' /> 
		</insert>
       <insert schemaName="clinlims" tableName="test_reflex">
        		<column name="id" valueNumeric=" nextval( 'test_reflex_seq' ) "/>  
        		<column name="test_id" valueNumeric=" ( select id from clinlims.test where name = 'Innolia' ) "/>
        		<column name="tst_rslt_id" valueNumeric=" ( select id from clinlims.test_result  where test_id = ( select id from clinlims.test  where name ='Innolia' ) and cast ( value as numeric) in ( select id from clinlims.dictionary where dict_entry = 'Negative' )) "/>
        		<column name="test_analyte_id" valueNumeric=" ( select id from clinlims.test_analyte where analyte_id = ( select id from clinlims.analyte where name = 'Innolia Results' )) "/>
        		<column name="scriptlet_id" valueNumeric=" ( select id from clinlims.scriptlet where name = 'HIV Status Negative' ) " />
        		<column name="lastupdated" valueDate='now()' /> 
      </insert>
      <insert schemaName="clinlims" tableName="test_reflex">
        		<column name="id" valueNumeric=" nextval( 'test_reflex_seq' ) "/>  
        		<column name="test_id" valueNumeric=" ( select id from clinlims.test where name = 'Innolia' ) "/>
        		<column name="tst_rslt_id" valueNumeric=" ( select id from clinlims.test_result  where test_id = ( select id from clinlims.test  where name ='Innolia' ) and cast ( value as numeric) in ( select id from clinlims.dictionary where dict_entry = 'Indeterminate' )) "/>
        		<column name="test_analyte_id" valueNumeric=" ( select id from clinlims.test_analyte where analyte_id = ( select id from clinlims.analyte where name = 'Innolia Results' )) "/>
        		<column name="scriptlet_id" valueNumeric=" ( select min(id) from clinlims.scriptlet where name = 'HIV Status Indeterminate' ) " />
        		<column name="lastupdated" valueDate='now()' /> 
      </insert>
     </changeSet>
     <changeSet author="paulsc" id="4" context="CDIRetroCI">
     	<comment>Drop user selection from reflex tests</comment>
     	<update tableName="test_reflex">
     		<column name="flags" value="" />
     	</update>
     </changeSet>
     <changeSet author="paulsc" id="5" context="CDIRetroCI">
     	<comment>Add Cobas C311 analyzer</comment>
     	<insert tableName="analyzer">
 			<column name="id" valueNumeric=" nextval( 'analyzer_seq' ) " />    		
  			<column name="name" value="Cobas C311" />
			<column name="description" value="Cobas C311" />
			<column name="is_active" value="Y" />
			<column name="lastupdated" valueDate=" now() " />
     	</insert>
		<insert tableName="analyzer_test_map">
			<column name="analyzer_id" valueNumeric=" currval( 'analyzer_seq') "/>
			<column name="analyzer_test_name" value="ALTL" />
			<column name="test_id" valueNumeric=" (select id from clinlims.test where name = 'Transaminases ALTL' ) "/>
			<column name="lastupdated" valueDate=" now() " />
		</insert>
		<insert tableName="analyzer_test_map">
			<column name="analyzer_id" valueNumeric=" currval( 'analyzer_seq') "/>
			<column name="analyzer_test_name" value="ASTL" />
			<column name="test_id" valueNumeric=" (select id from clinlims.test where name = 'Transaminases ASTL' ) "/>
			<column name="lastupdated" valueDate=" now() " />
		</insert>
		<insert tableName="analyzer_test_map">
			<column name="analyzer_id" valueNumeric=" currval( 'analyzer_seq') "/>
			<column name="analyzer_test_name" value="Creatinin" />
			<column name="test_id" valueNumeric=" (select id from clinlims.test where name = 'Créatininémie' ) "/>
			<column name="lastupdated" valueDate=" now() " />
		</insert>
		<insert tableName="analyzer_test_map">
			<column name="analyzer_id" valueNumeric=" currval( 'analyzer_seq') "/>
			<column name="analyzer_test_name" value="Glycemia" />
			<column name="test_id" valueNumeric=" (select id from clinlims.test where name = 'Glycémie' ) "/>
			<column name="lastupdated" valueDate=" now() " />
		</insert>     
     </changeSet>
     <changeSet author="paulsc" id="6" context="CDIRetroCI">
     	<comment>adding Cobas C311 role and adding correct modules to role</comment>
     	<insert tableName="system_role">
     		<column name="id" valueNumeric=" nextval( 'system_role_seq' ) " />
     		<column name="name" value="Cobas C311 user" />
  			<column name="description" value="Able to verigy results for Cobas C311 analyzer" />
			<column name="grouping_parent" valueNumeric=" (select id from clinlims.system_role where name = 'Biochemistry automatic' )  " />
			<column name="display_key" value="role.biochem.cobas.c311" />
     	</insert>
     	<insert tableName="system_role_module">
     		<column name="id" valueNumeric=" nextval( 'system_user_module_seq' ) " />
 			<column name="has_select" value="Y" />
 			<column name="has_add" value="Y" />
 			<column name="has_update" value="Y" />
 			<column name="has_delete" value="Y" />
   			<column name="system_role_id" valueNumeric=" currval( 'system_role_seq' ) " />
   			<column name="system_module_id" valueNumeric=" ( select id from clinlims.system_module where name = 'AnalyzerResults:cobasc311') " /> 
     	</insert>
     	<insert tableName="system_role_module">
     		<column name="id" valueNumeric=" nextval( 'system_user_module_seq' ) " />
 			<column name="has_select" value="Y" />
 			<column name="has_add" value="Y" />
 			<column name="has_update" value="Y" />
 			<column name="has_delete" value="Y" />
   			<column name="system_role_id" valueNumeric=" ( select id from clinlims.system_role where name = 'Results Admin' ) " />
   			<column name="system_module_id" valueNumeric=" ( select id from clinlims.system_module where name = 'AnalyzerResults:cobasc311') " /> 
     	</insert>
     	<insert tableName="system_role_module">
     		<column name="id" valueNumeric=" nextval( 'system_user_module_seq' ) " />
 			<column name="has_select" value="Y" />
 			<column name="has_add" value="Y" />
 			<column name="has_update" value="Y" />
 			<column name="has_delete" value="Y" />
   			<column name="system_role_id" valueNumeric=" currval( 'system_role_seq' ) " />
   			<column name="system_module_id" valueNumeric=" ( select id from clinlims.system_module where name = 'AccessionResults') " /> 
     	</insert>
     	<insert tableName="system_role_module">
     		<column name="id" valueNumeric=" nextval( 'system_user_module_seq' ) " />
 			<column name="has_select" value="Y" />
 			<column name="has_add" value="Y" />
 			<column name="has_update" value="Y" />
 			<column name="has_delete" value="Y" />
   			<column name="system_role_id" valueNumeric=" currval( 'system_role_seq' ) " />
   			<column name="system_module_id" valueNumeric=" ( select id from clinlims.system_module where name = 'StatusResults') " /> 
     	</insert>
     	<insert tableName="system_role_module">
     		<column name="id" valueNumeric=" nextval( 'system_user_module_seq' ) " />
 			<column name="has_select" value="Y" />
 			<column name="has_add" value="Y" />
 			<column name="has_update" value="Y" />
 			<column name="has_delete" value="Y" />
   			<column name="system_role_id" valueNumeric=" currval( 'system_role_seq' ) " />
   			<column name="system_module_id" valueNumeric=" ( select id from clinlims.system_module where name = 'Workplan:test') " /> 
     	</insert>
     	<insert tableName="system_role_module">
     		<column name="id" valueNumeric=" nextval( 'system_user_module_seq' ) " />
 			<column name="has_select" value="Y" />
 			<column name="has_add" value="Y" />
 			<column name="has_update" value="Y" />
 			<column name="has_delete" value="Y" />
   			<column name="system_role_id" valueNumeric=" currval( 'system_role_seq' ) " />
   			<column name="system_module_id" valueNumeric=" ( select id from clinlims.system_module where name = 'Workplan:biochemistry') " /> 
     	</insert>
     </changeSet>
</databaseChangeLog>
