<?xml version="1.0" encoding="utf-8"?>
<openerp>
    <data noupdate="1">
        <!-- For warehouse > serial numbers -->
        <record model="ir.filters" id="stock_prouduction_lot_expired_today">
            <field name="name">Batches that Expired Today</field>
            <field name="model_id">stock.production.lot</field>
            <field name="user_id"></field>
            <field name="domain">
                [
                    ['life_date', '&gt;', context_today().strftime('%Y-%m-%d')],
                    ['life_date', '&lt;', (context_today()+ datetime.timedelta(1)).strftime('%Y-%m-%d')],
                ]
            </field>
        </record>
        <record model="ir.filters" id="stock_prouduction_lot_available_batches">
            <field name="name">Available Batches</field>
            <field name="model_id">stock.production.lot</field>
            <field name="is_default">1</field>
            <field name="user_id"></field>
            <field name="domain">
                [('stock_available', '&gt;', 0), '|', ('life_date', '=', False), ('life_date', '&gt;', context_today().strftime('%Y-%m-%d'))]
            </field>
        </record>
        <record model="ir.filters" id="stock_prouduction_lot_expired">
            <field name="name">Expired Batches</field>
            <field name="model_id">stock.production.lot</field>
            <field name="user_id"></field>
            <field name="domain">[['life_date', '&lt;=', context_today().strftime('%Y-%m-%d')], ['stock_available', '&gt;', 0]]</field>
        </record>
        <record model="ir.filters" id="stock_prouduction_lot_soon_to_expire">
            <field name="name">Batches Expiring in the two Month</field>
            <field name="model_id">stock.production.lot</field>
            <field name="user_id"></field>
            <field name="domain">
                [
                    ['life_date', '&gt;', context_today().strftime('%Y-%m-%d')],
                    ['life_date', '&lt;', (context_today() + datetime.timedelta(60)).strftime('%Y-%m-%d')],
                    ['stock_available', '&gt;', 0],
                ]
            </field>
        </record>

        <!-- For Accounting > Customer payment -->
        <record model="ir.filters" id="all_customer_payments_today_by_current_user">
            <field name="name">Payments collected by me today</field>
            <field name="model_id">account.voucher</field>
            <field name="user_id"></field>
            <field name="domain">[['create_uid', '=', uid], ['date', '=', context_today().strftime('%Y-%m-%d')]]</field>
        </record>
        <record model="ir.filters" id="all_customer_payments_today">
            <field name="name">Today's Collection</field>
            <field name="model_id">account.voucher</field>
            <field name="user_id"></field>
            <field name="domain">
                [['date', '=', context_today().strftime('%Y-%m-%d')],
                ['journal_id', 'ilike', 'CASH']]
            </field>
        </record>
        <record model="ir.filters" id="all_customer_payments_yesterday">
            <field name="name">Yesterdays's Collections</field>
            <field name="model_id">account.voucher</field>
            <field name="user_id"></field>
            <field name="domain">
                [['date', '=', (context_today() - datetime.timedelta(1)).strftime('%Y-%m-%d')],
                ['journal_id', 'ilike', 'CASH']]
            </field>
        </record>


        <!-- Sales > Sales Order -->
        <record model="ir.filters" id="sales_order_today">
            <field name="name">Today's Sales</field>
            <field name="model_id">sale.order</field>
            <field name="user_id"></field>
            <field name="domain">
                [
                    ['date_order', '=', context_today().strftime('%Y-%m-%d')],
                ]
            </field>
        </record>
        <record model="ir.filters" id="sales_order_yesterday">
            <field name="name">Yesterdays's Sales</field>
            <field name="model_id">sale.order</field>
            <field name="user_id"></field>
            <field name="domain">
                [
                    ['date_order', '=', (context_today() - datetime.timedelta(1)).strftime('%Y-%m-%d')],
                ]
            </field>
        </record>

        <!--  For Delivery orders -->
        <record model="ir.filters" id="delivery_order_today">
            <field name="name">Today's Order</field>
            <field name="model_id">stock.picking.out</field>
            <field name="user_id"></field>
            <field name="domain">
                [
                    ['date', '&gt;=', context_today().strftime('%Y-%m-%d')],
                    ['date', '&lt;', (context_today() + datetime.timedelta(1)).strftime('%Y-%m-%d')],
                ]
            </field>
        </record>
        <record model="ir.filters" id="delivery_order_delivered_today">
            <field name="name">Delivered Today</field>
            <field name="model_id">stock.picking.out</field>
            <field name="user_id"></field>
            <field name="domain">
                [
                    ['date', '&gt;=', context_today().strftime('%Y-%m-%d')],
                    ['date', '&lt;', (context_today() + datetime.timedelta(1)).strftime('%Y-%m-%d')],
                    ['state', '=', 'done'],
                ]
            </field>
        </record>
        <record model="ir.filters" id="delivery_order_undelivered_today">
            <field name="name">To be Delivered Today</field>
            <field name="model_id">stock.picking.out</field>
            <field name="user_id"></field>
            <field name="domain">
                [
                    ['date', '&gt;=', context_today().strftime('%Y-%m-%d')],
                    ['date', '&lt;', (context_today() + datetime.timedelta(1)).strftime('%Y-%m-%d')],
                    ['state', '!=', 'done'],
                ]
            </field>
        </record>

        <!-- Accounting > Customer Invoices -->
        <record model="ir.filters" id="customer_invoices_today">
            <field name="name">Today's Invoices</field>
            <field name="model_id">account.invoice</field>
            <field name="user_id"></field>
            <field name="domain">[['date_invoice', '=', context_today().strftime('%Y-%m-%d')]]</field>
        </record>
        <record model="ir.filters" id="customer_invoices_yesterday">
            <field name="name">Yesterdays's Invoices</field>
            <field name="model_id">account.invoice</field>
            <field name="user_id"></field>
            <field name="domain">[['date_invoice', '=', (context_today() - datetime.timedelta(1)).strftime('%Y-%m-%d')]]</field>
        </record>

        <!-- Low stock for products -->
        <record model="ir.filters" id="low_stock">
            <field name="name">Low Stock</field>
            <field name="model_id">product.product</field>
            <field name="user_id"></field>
            <field name="domain">[['low_stock', '=', True]]</field>
        </record>
    </data>
</openerp>