<?xml version="1.0" encoding="utf-8"?>
<openerp>
    <data noupdate="1">

        <record model="account.account" id="account_rsby">
            <field name="code">110403</field>
            <field name="name">RSBY</field>
            <field name="parent_id" ref="account.conf_bnk"/>
            <field name="type">liquidity</field>
            <field name="user_type" ref="account.data_account_type_cash"/>
        </record>

        
        <record id="rsby_sequence" model="ir.sequence">
            <field name="name">RSBY Sequence</field>
            <field name="padding" eval="4"/>
            <field name="prefix">RSBY/%(year)s/</field>
        </record>
        <record id="rsby_payment_method" model="account.journal">
            <field name="name">RSBY</field>
            <field name="code">RSBY</field>
            <field name="type">cash</field>
            <field name="default_credit_account_id" ref="account_rsby"/>
            <field name="default_debit_account_id" ref="account_rsby"/>
            <field name="sequence_id" ref="rsby_sequence"/>
            <field name="user_id" ref="base.user_root"/>
        </record>
    </data>
</openerp>