<?xml version="1.0" encoding="utf-8"?>
<openerp>
    <data>
        <record id="view_users_form_add_initials" model="ir.ui.view">
            <field name="name">res.users.form</field>
            <field name="model">res.users</field>
            <field name="inherit_id" ref="base.view_users_form"/>
            <field name="arch" type="xml">
                <xpath expr="/form/sheet//field[@name='company_id']" position="before">
                    <field name="initials"/>
                </xpath>
            </field>
        </record>
    </data>
</openerp>