<?xml version="1.0" encoding="utf-8"?>
<openerp>
    <data>
        <record id="syncable_units_form_view" model="ir.ui.view">
            <field name="name">syncable.units.form</field>
            <field name="type">form</field>
            <field name="model">syncable.units</field>
            <field name="arch" type="xml">
                <form string="Syncable Units" version="7.0">
                    <group>
                        <field name="name"/>
                    </group>
                </form>
            </field>
        </record>


        <record id="syncable_units_tree_view" model="ir.ui.view">
            <field name="name">syncable.units.tree</field>
            <field name="model">syncable.units</field>
            <field name="type">tree</field>
            <field name="arch" type="xml">
                <tree string="Syncable Units">
                    <field name="name"/>
                </tree>
            </field>
        </record>


        <record id="syncable_units_filter" model="ir.ui.view">
            <field name="name">syncable.units.filter</field>
            <field name="model">syncable.units</field>
            <field name="arch" type="xml">
                <search string="Syncable Units">
                    <field name="name"/>
                </search>
            </field>
        </record>


        <record id="action_syncable_units_mapping" model="ir.actions.act_window">
            <field name="name">Units to be Synced</field>
            <field name="type">ir.actions.act_window</field>
            <field name="res_model">syncable.units</field>
            <field name="view_type">form</field>
            <field name="view_mode">tree,form</field>
            <field name="context">{}</field>
        </record>

        <menuitem action="action_syncable_units_mapping"
                  id="menu_action_syncable_units_mapping"
                  parent="base.menu_base_config" groups="base.group_system"
                  sequence="2"/>

    </data>
</openerp>

