<?xml version="1.0" encoding="UTF-8"?>

<templates>
    <span t-name="print_button" t-attf-class="base" class="oe_web_example">
        <button name="print" type="object" class="oe_highlight" id="print-bill-button" accesskey="P">Print</button>
        <button name="print" type="object" class="oe_highlight" id="print-summary-bill-button" accesskey="B">Summarized Bill</button>
        <iframe id="printBillFrame" style="display:none"/>
    </span>

    <div t-name="BillSummary" t-attf-class="base" class="oe_web_example">
        <style>
            @page { margin: 0cm;}
            table { font-family: Roman, San-Serif, Draft;font-size:10pt;}
            #printBill { font-family: Roman, San-Serif, Draft;font-size:10pt; }
        </style>

        <div id="printBill">
            <div style="margin-top: 2mm; width=74mm; line-height: 1.5em">
                <div style="width: 25%;float:left;">
                    <img style="width: 100%;" t-att-src='"data:image/jpeg;base64, " + company.logo'/>
                </div>
                <div style="width: 75%; float:right;">
                    <center>
                        <div t-if="company.name">
                            <strong><t t-esc="company.name"/></strong>
                        </div>
                        <div t-if="company.address.city">
                            <strong><t t-esc="company.address.city"/></strong>
                        </div>
                        <div t-if="company.phone">
                            <t t-esc="company.phone"/>
                        </div>
                        <div><strong style="display:inline; font-size: .8em">दिनांक: </strong><div style="display:inline; font-size: .7em;"><t t-esc="voucher_date"/></div></div>
                        <div><strong style="display:inline; font-size: .8em">बिल क्र: </strong><div style="display:inline; font-size: .7em;"><t t-esc="voucher_number"/></div></div>
                    </center>
                </div>
            </div>

            <div style="width: 100%; line-height: 1.5em;">
                <div style="width: 100%; float:left;"><strong>रुग्णाचे नाव: </strong><t t-esc="partner_local_name"/></div>
                <div style="width: 100%; float:left;"><strong>रजि नं: </strong><div style="display:inline; font-size: .7em;"><t t-esc="partner_ref"/></div></div>
                <div style="width: 100%; float:left;"><strong>बाबत: </strong><div style="display:inline; font-size: .7em;"><t t-esc="categories"/></div></div>
                <div style="width: 100%; float:left;"><strong>फी रु.: </strong><t t-esc="net_amount_words"/></div>
                <div style="float: right; font-weight:100;">प्राप्त झाले<br/> रुपये. <t t-esc="net_amount_string"/></div>
            </div>
        </div>
    </div>
</templates>