<?xml version="1.0" encoding="utf-8"?>
<openerp>
    <data>
        <record id="view_account_count_report_tree" model="ir.ui.view">
            <field name="name">account.count.report.tree</field>
            <field name="model">account.count.report</field>
            <field eval="7" name="priority"/>
            <field name="arch" type="xml">
                <tree  string="Accounts Report">
                    <field name="date"/>
                    <field name="account_id"/>
                    <field name="count"/>
                </tree>
            </field>
        </record>

        <record id="view_account_count_report_filter" model="ir.ui.view">
            <field name="name">account.count.report.filter</field>
            <field name="model">account.count.report</field>
            <field name="arch" type="xml">
                <search string="Search Accounts Report">
                    <field name="account_id"/>
                    
                    <filter string="Last 30 Days" name="filter_month"
                        domain="[
                            ['date', '&lt;=', context_today().strftime('%%Y-%%m-%%d')],
                            ['date', '&gt;=', (context_today() - datetime.timedelta(30)).strftime('%%Y-%%m-%%d')]
                        ]" />

                    <filter string="Today" name="filter_today" 
                        domain="[('date', '=', context_today().strftime('%%Y-%%m-%%d'))]"/>

                    <group string="Group By...">
                        <filter string="Account" name="groupby_account_head" 
                            icon="terp-go-month" domain="[]" context="{'group_by':'account_id'}"/>
                        <filter string="Date" name="groupby_date_head"
                            icon="terp-go-month" domain="[]" context="{'group_by':'date'}"/>
                    </group>
                </search>
            </field>
        </record>

        <record id="action_search_account_count_reports" model="ir.actions.act_window">
            <field name="name">Accounts Count Reports</field>
            <field name="type">ir.actions.act_window</field>
            <field name="res_model">account.count.report</field>
            <field name="view_type">form</field>
            <field name="view_mode">tree</field>
            <field name="view_id" ref="view_account_count_report_tree"/>
            <field name="search_view_id" ref="view_account_count_report_filter"/>
            <field name="context">{}</field>
        </record>

        <menuitem action="action_search_account_count_reports"
            id="menu_action_search_account_count_reports"
            parent="account.menu_finance_generic_reporting" groups="account.group_account_user"
            sequence="3"/>

        <record id="filter_account_count_report_by_account_id" model="ir.filters">
            <field name="name">Required Accounts Only</field>
            <field name="model_id">account.count.report</field>
            <field name="is_default">1</field>
            <field name="user_id"></field>
            <field name="domain">
                [   '|', '|', '|',
                    ['account_id', 'ilike', 'ECG'],
                    ['account_id', 'ilike', 'X-Ray'],
                    ['account_id', 'ilike', 'MTP'],
                    ['account_id', 'ilike', 'Sonography']
                ]
            </field>
        </record>
    </data>
</openerp>
