<?xml version="1.0" encoding="UTF-8"?>

<openerp>
    <data>
        <record id="product_supplier_form_extension" model="ir.ui.view">
            <field name="name">product.supplierinfo.form.view</field>
            <field name="model">product.supplierinfo</field>
            <field name="inherit_id" ref="product.product_supplierinfo_form_view"/>
            <field name="type">form</field>
            <field name="arch" type="xml">
                <xpath expr="/form//group//field[@name='company_id']" position="after">
                    <field name="manufacturer"/>
                </xpath>
                <xpath expr="/form/field//tree//field[@name='price']" position="after">
                    <field name="unit_price"/>
                </xpath>
            </field>
        </record>

        <record id="product_supplierinfo_tree_view_extension" model="ir.ui.view">
            <field name="name">product.supplierinfo.tree.view</field>
            <field name="model">product.supplierinfo</field>
            <field name="inherit_id" ref="product.product_supplierinfo_tree_view"/>
            <field name="arch" type="xml">
                <xpath expr="/tree/field[@name='delay']" position="before">
                    <field name="manufacturer"/>
                </xpath>
                <xpath expr="/tree/field[@name='delay']" position="after">
                    <field name="unit_price"/>
                </xpath>

            </field>
        </record>
    </data>
</openerp>