{
    "sections": {
        "Patient Information": {
            "type": "patientInformation",
            "displayOrder": 0,
            "config": {
                "translationKey": "VISIT_TITLE_PATIENT_INFORMATION",
                "patientAttributes": [
                    "caste",
                    "class",
                    "education",
                    "occupation"
                ]
            }
        },
        "Diagnosis": {
            "type": "diagnosis",
            "title": "Diagnosis",
            "displayOrder": 1,
            "config": {
                "translationKey": "VISIT_TITLE_DIAGNOSIS_KEY",
                "showCertainty": true,
                "showOrder": true,
                "showDetailsButton": true
            }
        },
        "Observations": {
            "type": "observation",
            "translationKey": "VISIT_TITLE_OBSERVATIONS_KEY",
            "displayOrder": 2,
            "config": {
                "numberOfVisits": 1,
                "obsIgnoreList": [
                    "Patient file",
                    "Radiology",
                    "Lab Manager Notes",
                    "Accession Uuid",
                    "Impression",
                    "Document"
                ],
                "showDetailsButton": true
            }
        },
        "Disposition": {
            "type": "disposition",
            "translationKey": "VISIT_TITLE_DISPOSITIONS_KEY",
            "displayOrder": 3,
            "config": {
                "translationKey":"VISIT_TITLE_DISPOSITION_KEY",
                "numberOfVisits": 1,
                "showDetailsButton": true
            }
        },
        "Admission Details": {
            "type": "admissionDetails",
            "displayOrder": 4,
            "config": {
                "translationKey": "VISIT_TITLE_ADMISSION_DETAILS_KEY",
                "showDetailsButton": true
            }
        },
        "Investigation Result": {
            "type": "investigationResult",
            "title": "Investigation Result",
            "displayOrder": 5,
            "config": {
                "translationKey": "VISIT_TITLE_LAB_INVESTIGATIONS_KEY",
                "showChart": true,
                "showTable": true,
                "showNormalLabResults": true,
                "showCommentsExpanded": true,
                "showAccessionNotes": true,
                "numberOfVisits": 10
            }
        },
        "Treatments": {
            "type": "treatment",
            "title": "Treatments",
            "displayOrder": 6,
            "config": {
                "translationKey": "VISIT_TITLE_TREATMENTS_KEY",
                "showFlowSheet": true,
                "showListView": true,
                "showOtherActive": false,
                "showDetailsButton": true,
                "showRoute": true,
                "showDrugForm": true,
                "showProvider" : true
            }
        },
        "Radiology": {
            "type": "radiology",
            "displayOrder": 7,
            "config": {
                "translationKey": "VISIT_TITLE_RADIOLOGY_KEY"
            }
        },
        "Patient Files": {
            "type": "patientFiles",
            "displayOrder": 8,
            "config": {
                "translationKey": "VISIT_TITLE_PATIENT_FILES_KEY"
            }
        }
    }
}