<?xml version="1.0" encoding="UTF-8"?>
<databaseChangeLog
    xmlns="http://www.liquibase.org/xml/ns/dbchangelog/1.9"
    xmlns:xsi="http://www.w3.org/2001/XMLSchema-instance"
    xsi:schemaLocation="http://www.liquibase.org/xml/ns/dbchangelog/1.9 http://www.liquibase.org/xml/ns/dbchangelog/dbchangelog-1.9.xsd">
    <!-- Data specific to haitiLNSP  -->    
    <changeSet author="paulsc" id="1" context="haitiLNSP, haiti">
		<comment>Sets page numbering to true for haiti sites</comment>
		<update tableName="site_information">
			<column name="value" value="true" />
			<where>name = 'reportPageNumbers'</where>
		</update>
	</changeSet>
</databaseChangeLog>
