<?xml version="1.0" encoding="UTF-8"?>
<databaseChangeLog xmlns="http://www.liquibase.org/xml/ns/dbchangelog/1.9"
	xmlns:xsi="http://www.w3.org/2001/XMLSchema-instance"
	xsi:schemaLocation="http://www.liquibase.org/xml/ns/dbchangelog/1.9 http://www.liquibase.org/xml/ns/dbchangelog/dbchangelog-1.9.xsd">
	<!-- Data specific to haiti clinical -->
	<changeSet author="paulsc" id="2" context="haiti">
		<comment>Adds the AuditTrailView to a new Audit Trail Role</comment>
		<insert tableName="system_role">
			<column name="id" valueNumeric=" nextval( 'system_role_seq' ) " />
			<column name="name" value="Audit Trail" />
			<column name="description" value="Able to view the audit trail" />
			<column name="display_key" value="role.audittrail" />
		</insert>
		<insert schemaName="clinlims" tableName="system_role_module">
			<column name="id" valueNumeric=" nextVal( 'system_user_module_seq' ) " />
			<column name="has_select" value="Y" />
			<column name="has_add" value="Y" />
			<column name="has_update" value="Y" />
			<column name="has_delete" value="Y" />
			<column name="system_role_id"
				valueNumeric=" ( select id from system_role where name = 'Audit Trail' ) " />
			<column name="system_module_id"
				valueNumeric=" ( select id from system_module where name = 'AuditTrailView' ) " />
		</insert>
	</changeSet>
	<changeSet author="paulsc" id="3" context="haiti">
		<comment>Sets the site information validate all flag to false</comment>
		<update tableName="site_information">
			<column name="value" valueBoolean="false" />
			<where>name = 'validate all results'</where>
		</update>
	</changeSet>
	<changeSet author="paulsc" id="4" context="haiti">
		<comment>Renames the system role Supervisor to Validation</comment>
		<update tableName="system_role">
			<column name="name" value="Validation" />
			<column name="description" value="Able to validate results" />
			<where>name like 'Supervisor%'</where>
		</update>
	</changeSet>
	<changeSet author="paulsc" id="5" context="haiti">
		<comment>Updates the system roles module for the new validation modules</comment>	
		<insert schemaName="clinlims" tableName="system_role_module">
			<column name="id" valueNumeric=" nextVal( 'system_user_module_seq' ) " />
			<column name="has_select" value="Y" />
			<column name="has_add"    value="Y" />
			<column name="has_update" value="Y" />
			<column name="has_delete" value="Y" />
			<column name="system_role_id"	valueNumeric=" ( select id from system_role where name = 'Validation' ) " />
			<column name="system_module_id"	valueNumeric=" ( select id from system_module where name = 'ResultValidation:hematology' ) " />
		</insert>
		<insert schemaName="clinlims" tableName="system_role_module">
			<column name="id" valueNumeric=" nextVal( 'system_user_module_seq' ) " />
			<column name="has_select" value="Y" />
			<column name="has_add"    value="Y" />
			<column name="has_update" value="Y" />
			<column name="has_delete" value="Y" />
			<column name="system_role_id"	valueNumeric=" ( select id from system_role where name = 'Validation' ) " />
			<column name="system_module_id"	valueNumeric=" ( select id from system_module where name = 'ResultValidation:biochemistry' ) " />
		</insert>
		<insert schemaName="clinlims" tableName="system_role_module">
			<column name="id" valueNumeric=" nextVal( 'system_user_module_seq' ) " />
			<column name="has_select" value="Y" />
			<column name="has_add"    value="Y" />
			<column name="has_update" value="Y" />
			<column name="has_delete" value="Y" />
			<column name="system_role_id"	valueNumeric=" ( select id from system_role where name = 'Validation' ) " />
			<column name="system_module_id"	valueNumeric=" ( select id from system_module where name = 'ResultValidation:Cytobacteriologie' ) " />
		</insert>
		<insert schemaName="clinlims" tableName="system_role_module">
			<column name="id" valueNumeric=" nextVal( 'system_user_module_seq' ) " />
			<column name="has_select" value="Y" />
			<column name="has_add"    value="Y" />
			<column name="has_update" value="Y" />
			<column name="has_delete" value="Y" />
			<column name="system_role_id"	valueNumeric=" ( select id from system_role where name = 'Validation' ) " />
			<column name="system_module_id"	valueNumeric=" ( select id from system_module where name = 'ResultValidation:ECBU' ) " />
		</insert>
		<insert schemaName="clinlims" tableName="system_role_module">
			<column name="id" valueNumeric=" nextVal( 'system_user_module_seq' ) " />
			<column name="has_select" value="Y" />
			<column name="has_add"    value="Y" />
			<column name="has_update" value="Y" />
			<column name="has_delete" value="Y" />
			<column name="system_role_id"	valueNumeric=" ( select id from system_role where name = 'Validation' ) " />
			<column name="system_module_id"	valueNumeric=" ( select id from system_module where name = 'ResultValidation:Parasitology' ) " />
		</insert>
		<insert schemaName="clinlims" tableName="system_role_module">
			<column name="id" valueNumeric=" nextVal( 'system_user_module_seq' ) " />
			<column name="has_select" value="Y" />
			<column name="has_add"    value="Y" />
			<column name="has_update" value="Y" />
			<column name="has_delete" value="Y" />
			<column name="system_role_id"	valueNumeric=" ( select id from system_role where name = 'Validation' ) " />
			<column name="system_module_id"	valueNumeric=" ( select id from system_module where name = 'ResultValidation:immunology' ) " />
		</insert>
		<insert schemaName="clinlims" tableName="system_role_module">
			<column name="id" valueNumeric=" nextVal( 'system_user_module_seq' ) " />
			<column name="has_select" value="Y" />
			<column name="has_add"    value="Y" />
			<column name="has_update" value="Y" />
			<column name="has_delete" value="Y" />
			<column name="system_role_id"	valueNumeric=" ( select id from system_role where name = 'Validation' ) " />
			<column name="system_module_id"	valueNumeric=" ( select id from system_module where name = 'ResultValidation:molecularBio' ) " />
		</insert>
		<insert schemaName="clinlims" tableName="system_role_module">
			<column name="id" valueNumeric=" nextVal( 'system_user_module_seq' ) " />
			<column name="has_select" value="Y" />
			<column name="has_add"    value="Y" />
			<column name="has_update" value="Y" />
			<column name="has_delete" value="Y" />
			<column name="system_role_id"	valueNumeric=" ( select id from system_role where name = 'Validation' ) " />
			<column name="system_module_id"	valueNumeric=" ( select id from system_module where name = 'ResultValidation:Liquides biologique' ) " />
		</insert>
		<insert schemaName="clinlims" tableName="system_role_module">
			<column name="id" valueNumeric=" nextVal( 'system_user_module_seq' ) " />
			<column name="has_select" value="Y" />
			<column name="has_add"    value="Y" />
			<column name="has_update" value="Y" />
			<column name="has_delete" value="Y" />
			<column name="system_role_id"	valueNumeric=" ( select id from system_role where name = 'Validation' ) " />
			<column name="system_module_id"	valueNumeric=" ( select id from system_module where name = 'ResultValidation:Mycobacteriology' ) " />
		</insert>
		<insert schemaName="clinlims" tableName="system_role_module">
			<column name="id" valueNumeric=" nextVal( 'system_user_module_seq' ) " />
			<column name="has_select" value="Y" />
			<column name="has_add"    value="Y" />
			<column name="has_update" value="Y" />
			<column name="has_delete" value="Y" />
			<column name="system_role_id"	valueNumeric=" ( select id from system_role where name = 'Validation' ) " />
			<column name="system_module_id"	valueNumeric=" ( select id from system_module where name = 'ResultValidation:Endocrinologie' ) " />
		</insert>
		<insert schemaName="clinlims" tableName="system_role_module">
			<column name="id" valueNumeric=" nextVal( 'system_user_module_seq' ) " />
			<column name="has_select" value="Y" />
			<column name="has_add"    value="Y" />
			<column name="has_update" value="Y" />
			<column name="has_delete" value="Y" />
			<column name="system_role_id"	valueNumeric=" ( select id from system_role where name = 'Validation' ) " />
			<column name="system_module_id"	valueNumeric=" ( select id from system_module where name = 'ResultValidation:Serologie' ) " />
		</insert>
		<insert schemaName="clinlims" tableName="system_role_module">
			<column name="id" valueNumeric=" nextVal( 'system_user_module_seq' ) " />
			<column name="has_select" value="Y" />
			<column name="has_add"    value="Y" />
			<column name="has_update" value="Y" />
			<column name="has_delete" value="Y" />
			<column name="system_role_id"	valueNumeric=" ( select id from system_role where name = 'Validation' ) " />
			<column name="system_module_id"	valueNumeric=" ( select id from system_module where name = 'ResultValidation:VCT' ) " />
		</insert>
		<insert schemaName="clinlims" tableName="system_role_module">
			<column name="id" valueNumeric=" nextVal( 'system_user_module_seq' ) " />
			<column name="has_select" value="Y" />
			<column name="has_add"    value="Y" />
			<column name="has_update" value="Y" />
			<column name="has_delete" value="Y" />
			<column name="system_role_id"	valueNumeric=" ( select id from system_role where name = 'Validation' ) " />
			<column name="system_module_id"	valueNumeric=" ( select id from system_module where name = 'ResultValidation' ) " />
		</insert>
	</changeSet>
</databaseChangeLog>
