<?xml version="1.0" encoding="utf-8"?>
<openerp>
    <data>
        <record id="products_by_last_moved_extended_tree_view" model="ir.ui.view">
            <field name="name">prod_last_moved.report.tree</field>
            <field name="model">prod_last_moved.report</field>
            <field eval="7" name="priority"/>
            <field name="arch" type="xml">

                <tree  string="Products">
                    <field name="product_id" />
                    <field name="origin"/>
                    <field name="location_id"/>
                    <field name="location_dest_id"/>
                    <field name="last_moved_date" />
                </tree>
            </field>
        </record>

        <record id="products_by_last_moved_extended_filter" model="ir.ui.view">
            <field name="name">prod_last_moved.report.filter</field>
            <field name="model">prod_last_moved.report</field>
            <field name="arch" type="xml">
                <search string="Search Products">
                    <field name="location_id"/>
                    <field name="product_id"/>
                </search>
            </field>
        </record>
    </data>
</openerp>
