<?xml version="1.0" encoding="utf-8"?>
<openerp>
    <data>

        <record id="action_production_lot_location_form" model="ir.actions.act_window">
            <field name="name">Serial Number By Location</field>
            <field name="type">ir.actions.act_window</field>
            <field name="res_model">prodlots.report</field>
            <field name="view_type">form</field>
            <field name="view_mode">tree</field>
            <field name="view_id" ref="stock_product_lot_extended_tree_view"/>
            <field name="search_view_id" ref="view_stock_product_lot_extended_filter"/>
            <field name="context">{}</field>
        </record>

        <menuitem action="action_production_lot_location_form"
            id="menu_action_production_lot_location_form"
            parent="stock.menu_traceability" groups="stock.group_production_lot"
            sequence="3"/>

    </data>
    <data>
        <record id="action_products_by_last_moved" model="ir.actions.act_window">
            <field name="name">Products By Last Moved</field>
            <field name="type">ir.actions.act_window</field>
            <field name="res_model">prod_last_moved.report</field>
            <field name="view_type">form</field>
            <field name="view_mode">tree</field>
            <field name="view_id" ref="products_by_last_moved_extended_tree_view"/>
            <field name="search_view_id" ref="products_by_last_moved_extended_filter"/>
            <field name="context">{}</field>
        </record>

        <menuitem action="action_products_by_last_moved"
                  id="menu_action_products_by_last_moved"
                  parent="stock.menu_traceability" groups="stock.group_production_lot"
                  sequence="4"/>
    </data>
</openerp>
