<?xml version="1.0" encoding="UTF-8"?>

<openerp>
    <data>
        <record id="view_picking_form_internal_move" model="ir.ui.view">
            <field name="name">stock.picking.form</field>
            <field name="model">stock.picking</field>
            <field name="type">form</field>
            <field name="inherit_id" ref="stock.view_picking_form"/>

            <field name="arch" type="xml">
                <xpath expr="/form/sheet/group" position="after" >
                    <group>
                        <group>
                            <field name="location_id" context="{'short_name': True}" default_focus="1" string="Source Location" domain="[('usage', '!=', 'view')]"
                                   on_change="onchange_location(location_id, location_dest_id, move_lines)"/>
                        </group>
                        <group>
                            <field name="location_dest_id" context="{'short_name': True}"
                                   on_change="onchange_location(location_id, location_dest_id, move_lines)" domain="[('usage', '!=', 'view')]"/>
                        </group>
                    </group>
                </xpath>
                <field name="partner_id" position="attributes" >
                    <attribute name="invisible">1</attribute>
                </field>
                <field name="stock_journal_id" position="attributes" >
                    <attribute name="invisible">1</attribute>
                </field>

                <field name="origin" position="attributes">
                    <attribute name="invisible">1</attribute>
                </field>

            </field>
        </record>
        <record id="bahmni_view_move_picking_form" model="ir.ui.view">
            <field name="name">stock.move.form</field>
            <field name="model">stock.move</field>
            <field name="inherit_id" ref="stock.view_move_picking_form"/>
            <field name="arch" type="xml">
                <field name="product_qty" on_change="onchange_quantity(product_id, product_qty, product_uom, product_uos)" position='replace'>
                    <field name="product_qty" on_change="onchange_quantity(product_id, product_qty, product_uom, product_uos, location_id, parent.move_lines, context)" class="oe_inline"/>
               </field>

                <xpath expr="/form/group/group[@groups='stock.group_tracking_lot']/div[2]" position="after" >
                    <label for="stock_available"/>
                    <div>
                        <field name="stock_available" groups="stock.group_production_lot" class="oe_inline"/>
                     </div>
                </xpath>
            </field>
        </record>
        <record id="bahmni_view_move_picking_tree" model="ir.ui.view">
            <field name="name">stock.move.tree</field>
            <field name="model">stock.move</field>
            <field name="inherit_id" ref="stock.view_move_picking_tree"/>
            <field name="arch" type="xml">
                <field name="product_qty" on_change="onchange_quantity(product_id, product_qty, product_uom, product_uos)" position="replace">
                    <field name="product_qty" on_change="onchange_quantity(product_id, product_qty, product_uom, product_uos, parent.location_id, parent.move_lines, context)"/>
                </field>

                <xpath expr="/tree/field[@name='prodlot_id']" position="after" >
                    <field name="stock_available" />
                </xpath>
            </field>
        </record>
        <record id="view_move_picking_tree_internal" model="ir.ui.view">
            <field name="name">stock.move.tree</field>
            <field name="model">stock.move</field>
            <field eval="4" name="priority"/>
            <field name="inherit_id" ref="stock.view_move_picking_tree"/>

            <field name="arch" type="xml">
                <xpath expr="/tree[@string='Stock Moves']" position="attributes">
                    <attribute name="editable">bottom</attribute>
                </xpath>
                <xpath expr="/tree[@string='Stock Moves']//field[@name='product_uom']" position="replace">
                    <field name="product_uom" string="Unit of Measure" on_change="onchange_quantity(product_id, product_qty, product_uom, product_uos, parent.location_id, parent.move_lines, context)"/>
                </xpath>
                <xpath expr="/tree[@string='Stock Moves']//field[@name='product_id']" position="replace">
                    <field name="name" invisible="1"/>
                    <field name="product_id" on_change="onchange_product_id(product_id, parent.location_id, parent.location_dest_id, parent.partner_id)"/>
                </xpath>
                <xpath expr="/tree[@string='Stock Moves']//field[@name='location_dest_id']" position="attributes">
                    <attribute name="invisible">1</attribute>
                </xpath>
                <xpath expr="/tree[@string='Stock Moves']//field[@name='prodlot_id']" position="replace">
                    <field name="prodlot_id"
                        context="{'location_id': parent.location_id, 'show_future_forcast': True, 'only_available_batch': True, 'product_uom': product_uom}"
                        groups="stock.group_production_lot"
                        on_change="onchange_lot_id(prodlot_id, product_qty, location_id, product_id, product_uom, context)"
                        domain="[('product_id', '=', product_id)]"/>
                </xpath>
            </field>
        </record>
    </data>
</openerp>